lon,lat,vs30,Coef,Zone_EC8,PGA_EC8,Soil_EC8
25.18213,41.3,655.47736,0.1,1,0.16,B
25.68213,41.3,620.10077,0.1,1,0.16,B
22.38213,38.4,638.73865,0.15,2,0.24,B
21.38213,38.4,192.73947,0.15,2,0.24,C
23.68213,41.4,840.8712,0.1,1,0.16,A
23.68213,41.3,821.89294,0.1,1,0.16,A
23.78213,41.4,730.4332,0.1,1,0.16,B
23.78213,41.3,709.0732,0.1,1,0.16,B
23.78213,41.2,900,0.1,1,0.16,A
23.88213,41.4,373.00876,0.1,1,0.16,B
23.88213,41.3,578.1189,0.1,1,0.16,B
23.88213,41.2,422.80508,0.1,1,0.16,B
23.98213,41.4,595.0205,0.1,1,0.16,B
23.98213,41.3,622.7987,0.1,1,0.16,B
23.98213,41.2,900,0.1,1,0.16,A
23.98213,40.8,633.0263,0.1,1,0.16,B
24.08213,41.5,819.9779,0.1,1,0.16,A
24.08213,41.4,488.584,0.1,1,0.16,B
24.08213,41.3,800.4471,0.1,1,0.16,A
24.08213,41.2,770.44714,0.1,1,0.16,B
24.08213,41.1,253.61803,0.1,1,0.16,C
24.08213,40.9,900,0.1,1,0.16,A
24.08213,40.8,538.03687,0.1,1,0.16,B
24.18213,41.5,529.4243,0.1,1,0.16,B
24.18213,41.4,572.8491,0.1,1,0.16,B
24.18213,41.3,736.5813,0.1,1,0.16,B
24.18213,41.2,445.038,0.1,1,0.16,B
24.18213,41.1,293.13455,0.1,1,0.16,C
24.18213,41,236.41534,0.1,1,0.16,C
24.18213,40.9,900,0.1,1,0.16,A
24.18213,40.8,567.7214,0.1,1,0.16,B
24.28213,41.5,596.47,0.1,1,0.16,B
24.28213,41.4,626.90466,0.1,1,0.16,B
24.28213,41.3,712.8143,0.1,1,0.16,B
24.28213,41.2,660.9562,0.1,1,0.16,B
24.28213,41.1,373.9489,0.1,1,0.16,B
24.28213,41,294.30008,0.1,1,0.16,C
24.28213,40.9,610.6506,0.1,1,0.16,B
24.38213,41.5,900,0.1,1,0.16,A
24.38213,41.4,752.32745,0.1,1,0.16,B
24.38213,41.3,506.51123,0.1,1,0.16,B
24.38213,41.2,460.86578,0.1,1,0.16,B
24.38213,41.1,825.0835,0.1,1,0.16,A
24.38213,41,525.2214,0.1,1,0.16,B
24.48213,41.5,899.4532,0.1,1,0.16,A
24.48213,41.4,728.4083,0.1,1,0.16,B
24.48213,41.3,595.10565,0.1,1,0.16,B
24.48213,41.2,836.4115,0.1,1,0.16,A
24.48213,41.1,648.7652,0.1,1,0.16,B
24.48213,41,789.1353,0.1,1,0.16,B
24.58213,41.4,810.1804,0.1,1,0.16,A
24.58213,41.3,741.18,0.1,1,0.16,B
24.58213,41.2,898.33923,0.1,1,0.16,A
24.58213,41.1,608.18,0.1,1,0.16,B
24.58213,41,761.3942,0.1,1,0.16,B
24.58213,40.7,900,0.1,1,0.16,A
24.68213,41.4,655.8339,0.1,1,0.16,B
24.68213,41.3,538.07196,0.1,1,0.16,B
24.68213,41.2,619.7152,0.1,1,0.16,B
24.68213,41.1,838.6632,0.1,1,0.16,A
24.68213,41,307.76718,0.1,1,0.16,C
24.68213,40.9,217.49792,0.1,1,0.16,C
24.68213,40.7,774.03674,0.1,1,0.16,B
24.68213,40.6,590.86145,0.1,1,0.16,B
24.78213,41.3,747.3596,0.1,1,0.16,B
24.78213,41.2,898.5292,0.1,1,0.16,A
24.78213,41.1,814.5335,0.1,1,0.16,A
24.78213,41,220.38246,0.1,1,0.16,C
24.78213,40.9,234.22244,0.1,1,0.16,C
24.88213,41.3,736.62115,0.1,1,0.16,B
24.88213,41.2,779.34875,0.1,1,0.16,B
24.88213,41.1,343.84076,0.1,1,0.16,C
24.88213,41,304.95496,0.1,1,0.16,C
24.98213,41.3,619.3003,0.1,1,0.16,B
24.98213,41.2,584.9123,0.1,1,0.16,B
24.98213,41.1,237.54099,0.1,1,0.16,C
24.98213,41,362.01895,0.1,1,0.16,B
25.08213,41.3,571.9193,0.1,1,0.16,B
25.08213,41.2,577.03076,0.1,1,0.16,B
25.08213,41.1,299.58328,0.1,1,0.16,C
25.18213,41.2,518.9286,0.1,1,0.16,B
25.18213,41.1,228.70444,0.1,1,0.16,C
25.18213,41,416.06058,0.1,1,0.16,B
25.28213,41.2,786.7868,0.1,1,0.16,B
25.28213,41.1,253.76408,0.1,1,0.16,C
25.28213,41,287.96472,0.1,1,0.16,C
25.38213,41.2,840.81177,0.1,1,0.16,A
25.38213,41.1,236.70921,0.1,1,0.16,C
25.38213,41,263.945,0.1,1,0.16,C
25.48213,41.2,558.6254,0.1,1,0.16,B
25.48213,41.1,332.26642,0.1,1,0.16,C
25.48213,41,504.21335,0.1,1,0.16,B
25.48213,40.9,387.43414,0.1,1,0.16,B
25.58213,41.3,658.24066,0.1,1,0.16,B
25.58213,41.2,450.11426,0.1,1,0.16,B
25.58213,41.1,294.6258,0.1,1,0.16,C
25.58213,41,282.85938,0.1,1,0.16,C
25.58213,40.9,507.0682,0.1,1,0.16,B
25.68213,41.2,597.5875,0.1,1,0.16,B
25.68213,41.1,277.61356,0.1,1,0.16,C
25.68213,41,386.42654,0.1,1,0.16,B
25.78213,41.3,484.9754,0.1,1,0.16,B
25.78213,41.2,793.73175,0.1,1,0.16,B
25.78213,41.1,514.2256,0.1,1,0.16,B
25.78213,41,525.8215,0.1,1,0.16,B
25.88213,41.3,652.09424,0.1,1,0.16,B
25.88213,41.2,581.95685,0.1,1,0.16,B
25.88213,41.1,454.62183,0.1,1,0.16,B
25.88213,41,510.5136,0.1,1,0.16,B
25.98213,41.3,597.57477,0.1,1,0.16,B
25.98213,41.2,607.8813,0.1,1,0.16,B
25.98213,41.1,679.33044,0.1,1,0.16,B
25.98213,41,439.7842,0.1,1,0.16,B
26.08213,41.7,589.4334,0.1,1,0.16,B
26.08213,41.3,415.27618,0.1,1,0.16,B
26.08213,41.2,460.31512,0.1,1,0.16,B
26.08213,41.1,504.96985,0.1,1,0.16,B
26.08213,41,450.61517,0.1,1,0.16,B
26.18213,41.7,343.48062,0.1,1,0.16,C
26.18213,41.6,531.6482,0.1,1,0.16,B
26.18213,41.5,349.09006,0.1,1,0.16,C
26.18213,41.4,511.4822,0.1,1,0.16,B
26.18213,41.3,488.13184,0.1,1,0.16,B
26.18213,41.2,461.57864,0.1,1,0.16,B
26.18213,41.1,468.09088,0.1,1,0.16,B
26.18213,41,425.72757,0.1,1,0.16,B
26.28213,41.7,281.88666,0.1,1,0.16,C
26.28213,41.6,264.5237,0.1,1,0.16,C
26.28213,41.5,428.61676,0.1,1,0.16,B
26.28213,41.4,420.8499,0.1,1,0.16,B
26.28213,41.3,506.51605,0.1,1,0.16,B
26.28213,41.2,359.75055,0.1,1,0.16,C
26.28213,41.1,524.49316,0.1,1,0.16,B
26.28213,41,258.84586,0.1,1,0.16,C
26.38213,41.6,246.73074,0.1,1,0.16,C
26.38213,41.5,414.65308,0.1,1,0.16,B
26.38213,41.4,284.9665,0.1,1,0.16,C
26.38213,41.3,362.65942,0.1,1,0.16,B
26.48213,41.6,300.9268,0.1,1,0.16,C
26.48213,41.5,303.2201,0.1,1,0.16,C
26.48213,41.4,430.74503,0.1,1,0.16,B
26.58213,41.6,216.03682,0.1,1,0.16,C
26.58213,41.5,198.01407,0.1,1,0.16,C
26.58213,41.4,376.7951,0.1,1,0.16,B
25.68213,40.9,419.85242,0.1,1,0.16,B
25.78213,40.9,585.03033,0.1,1,0.16,B
25.88213,40.9,622.2613,0.1,1,0.16,B
25.98213,40.9,355.3339,0.1,1,0.16,C
26.08213,40.9,426.62698,0.1,1,0.16,B
26.08213,40.8,191.20421,0.1,1,0.16,C
26.18213,40.9,407.7043,0.1,1,0.16,B
26.28213,40.9,203.10474,0.1,1,0.16,C
21.08213,40.2,657.2567,0.1,1,0.16,B
21.08213,40.1,496.1115,0.1,1,0.16,B
21.08213,40,884.05634,0.1,1,0.16,A
21.18213,40.3,575.0459,0.1,1,0.16,B
21.18213,40.2,548.3538,0.1,1,0.16,B
21.18213,40.1,594.6101,0.1,1,0.16,B
21.18213,40,614.721,0.1,1,0.16,B
21.18213,39.9,656.4142,0.1,1,0.16,B
21.18213,39.7,802.48956,0.1,1,0.16,A
21.28213,40.3,434.75583,0.1,1,0.16,B
21.28213,40.2,540.4205,0.1,1,0.16,B
21.28213,40.1,489.8016,0.1,1,0.16,B
21.28213,40,760.1942,0.1,1,0.16,B
21.28213,39.9,550.7056,0.1,1,0.16,B
21.28213,39.8,750.6114,0.1,1,0.16,B
21.28213,39.7,625.1178,0.1,1,0.16,B
21.38213,40.3,437.80533,0.1,1,0.16,B
21.38213,40.2,509.12436,0.1,1,0.16,B
21.38213,40.1,457.5412,0.1,1,0.16,B
21.38213,40,469.4247,0.1,1,0.16,B
21.38213,39.9,625.6124,0.1,1,0.16,B
21.38213,39.8,900,0.1,1,0.16,A
21.38213,39.7,900,0.1,1,0.16,A
21.38213,39.6,795.71704,0.1,1,0.16,B
21.38213,39.5,900,0.1,1,0.16,A
21.48213,40.4,839.4275,0.1,1,0.16,A
21.48213,40.3,352.53864,0.1,1,0.16,C
21.48213,40.2,346.68195,0.1,1,0.16,C
21.48213,40.1,398.06638,0.1,1,0.16,B
21.48213,40,339.8176,0.1,1,0.16,C
21.48213,39.9,532.56757,0.1,1,0.16,B
21.48213,39.8,575.8919,0.1,1,0.16,B
21.48213,39.7,900,0.1,1,0.16,A
21.48213,39.6,845.8338,0.1,1,0.16,A
21.48213,39.5,516.81323,0.1,1,0.16,B
21.58213,40.8,405.15662,0.1,1,0.16,B
21.58213,40.7,461.28116,0.1,1,0.16,B
21.58213,40.6,414.83438,0.1,1,0.16,B
21.58213,40.5,438.04614,0.1,1,0.16,B
21.58213,40.4,900,0.1,1,0.16,A
21.58213,40.3,663.8,0.1,1,0.16,B
21.58213,40.2,571.9446,0.1,1,0.16,B
21.58213,40.1,523.1466,0.1,1,0.16,B
21.58213,40,599.7212,0.1,1,0.16,B
21.58213,39.9,420.48672,0.1,1,0.16,B
21.58213,39.8,608.4339,0.1,1,0.16,B
21.58213,39.7,537.4413,0.1,1,0.16,B
21.58213,39.6,867.99554,0.1,1,0.16,A
21.58213,39.5,900,0.1,1,0.16,A
21.68213,40.9,677.7921,0.1,1,0.16,B
21.68213,40.8,598.31067,0.1,1,0.16,B
21.68213,40.7,361.98746,0.1,1,0.16,B
21.68213,40.6,436.18,0.1,1,0.16,B
21.68213,40.5,271.06134,0.1,1,0.16,C
21.68213,40.4,370.9355,0.1,1,0.16,B
21.68213,40.3,563.6334,0.1,1,0.16,B
21.68213,40.2,621.2719,0.1,1,0.16,B
21.68213,40.1,413.95575,0.1,1,0.16,B
21.68213,40,569.38995,0.1,1,0.16,B
21.68213,39.9,503.40875,0.1,1,0.16,B
21.68213,39.8,555.4598,0.1,1,0.16,B
21.68213,39.7,570.4706,0.1,1,0.16,B
21.68213,39.6,248.67635,0.1,1,0.16,C
21.68213,39.5,292.35635,0.1,1,0.16,C
21.78213,40.9,895.49457,0.1,1,0.16,A
21.78213,40.8,750.78064,0.1,1,0.16,B
21.78213,40.7,606.2416,0.1,1,0.16,B
21.78213,40.6,745.5918,0.1,1,0.16,B
21.78213,40.5,458.35657,0.1,1,0.16,B
21.78213,40.4,385.69638,0.1,1,0.16,B
21.78213,40.3,504.75455,0.1,1,0.16,B
21.78213,40.2,429.2418,0.1,1,0.16,B
21.78213,40.1,556.9466,0.1,1,0.16,B
21.78213,40,576.71063,0.1,1,0.16,B
21.78213,39.9,470.14807,0.1,1,0.16,B
21.78213,39.8,487.59018,0.1,1,0.16,B
21.78213,39.7,537.6494,0.1,1,0.16,B
21.78213,39.6,392.73895,0.1,1,0.16,B
21.88213,41,900,0.1,1,0.16,A
21.88213,40.9,671.61523,0.1,1,0.16,B
21.88213,40.8,518.6705,0.1,1,0.16,B
21.88213,40.7,441.08984,0.1,1,0.16,B
21.88213,40.6,777.6966,0.1,1,0.16,B
21.88213,40.5,798.341,0.1,1,0.16,B
21.88213,40.4,368.99487,0.1,1,0.16,B
21.88213,40.3,445.04138,0.1,1,0.16,B
21.88213,40.2,450.3618,0.1,1,0.16,B
21.88213,40.1,733.6049,0.1,1,0.16,B
21.88213,40,605.6908,0.1,1,0.16,B
21.88213,39.9,506.23285,0.1,1,0.16,B
21.88213,39.8,558.22363,0.1,1,0.16,B
21.88213,39.7,492.0794,0.1,1,0.16,B
21.88213,39.6,730.24835,0.1,1,0.16,B
21.98213,41.1,649.04944,0.1,1,0.16,B
21.98213,41,824.0521,0.1,1,0.16,A
21.98213,40.9,634.81775,0.1,1,0.16,B
21.98213,40.8,548.8112,0.1,1,0.16,B
21.98213,40.7,725.0529,0.1,1,0.16,B
21.98213,40.6,675.1372,0.1,1,0.16,B
21.98213,40.5,385.57086,0.1,1,0.16,B
21.98213,40.4,750.89355,0.1,1,0.16,B
21.98213,40.3,657.2111,0.1,1,0.16,B
21.98213,40.2,377.50153,0.1,1,0.16,B
21.98213,40.1,525.2925,0.1,1,0.16,B
21.98213,40,443.737,0.1,1,0.16,B
21.98213,39.9,765.07837,0.1,1,0.16,B
21.98213,39.8,609.90045,0.1,1,0.16,B
21.98213,39.7,798.0858,0.1,1,0.16,B
22.08213,41.1,698.8082,0.1,1,0.16,B
22.08213,41,294.20062,0.1,1,0.16,C
22.08213,40.9,406.2919,0.1,1,0.16,B
22.08213,40.8,611.489,0.1,1,0.16,B
22.08213,40.7,500.70972,0.1,1,0.16,B
22.08213,40.6,597.4053,0.1,1,0.16,B
22.08213,40.5,885.4076,0.1,1,0.16,A
22.08213,40.4,674.4105,0.1,1,0.16,B
22.08213,40.3,804.52405,0.1,1,0.16,A
22.08213,40.2,892.82434,0.1,1,0.16,A
22.08213,40.1,646.77515,0.1,1,0.16,B
22.08213,40,475.34348,0.1,1,0.16,B
22.08213,39.9,481.62955,0.1,1,0.16,B
22.08213,39.8,259.38965,0.1,1,0.16,C
22.08213,39.7,445.36252,0.1,1,0.16,B
22.18213,41.1,896.5344,0.1,1,0.16,A
22.18213,41,801.90936,0.1,1,0.16,A
22.18213,40.9,510.44684,0.1,1,0.16,B
22.18213,40.8,228.60574,0.1,1,0.16,C
22.18213,40.7,287.06512,0.1,1,0.16,C
22.18213,40.6,330.36282,0.1,1,0.16,C
22.18213,40.5,492.22992,0.1,1,0.16,B
22.18213,40.4,900,0.1,1,0.16,A
22.18213,40.3,900,0.1,1,0.16,A
22.18213,40.2,879.0146,0.1,1,0.16,A
22.18213,40.1,644.9755,0.1,1,0.16,B
22.18213,40,387.60843,0.1,1,0.16,B
22.18213,39.9,462.4889,0.1,1,0.16,B
22.18213,39.8,516.8336,0.1,1,0.16,B
22.18213,39.7,521.09705,0.1,1,0.16,B
22.28213,41.1,569.64984,0.1,1,0.16,B
22.28213,41,408.78616,0.1,1,0.16,B
22.28213,40.9,823.7852,0.1,1,0.16,A
22.28213,40.8,224.69153,0.1,1,0.16,C
22.28213,40.7,212.61548,0.1,1,0.16,C
22.28213,40.6,205.81346,0.1,1,0.16,C
22.28213,40.5,333.3416,0.1,1,0.16,C
22.28213,40.4,594.51544,0.1,1,0.16,B
22.28213,40.3,727.21765,0.1,1,0.16,B
22.28213,40.2,873.95764,0.1,1,0.16,A
22.28213,40.1,900,0.1,1,0.16,A
22.28213,40,736.58984,0.1,1,0.16,B
22.28213,39.9,693.2274,0.1,1,0.16,B
22.28213,39.8,684.122,0.1,1,0.16,B
22.38213,41,849.56384,0.1,1,0.16,A
22.38213,40.9,824.9864,0.1,1,0.16,A
22.38213,40.8,409.92456,0.1,1,0.16,B
22.38213,40.7,183.96927,0.1,1,0.16,C
22.38213,40.6,207.82304,0.1,1,0.16,C
22.38213,40.5,365.8064,0.1,1,0.16,B
22.38213,40.4,478.29706,0.1,1,0.16,B
22.38213,40.3,402.96313,0.1,1,0.16,B
22.38213,40.2,500.7179,0.1,1,0.16,B
22.38213,40.1,900,0.1,1,0.16,A
22.38213,40,889.4695,0.1,1,0.16,A
22.38213,39.9,899.9174,0.1,1,0.16,A
22.38213,39.8,457.37665,0.1,1,0.16,B
22.48213,40.9,422.7577,0.1,1,0.16,B
22.48213,40.8,393.3471,0.1,1,0.16,B
22.48213,40.7,195.19121,0.1,1,0.16,C
22.48213,40.6,190.28671,0.1,1,0.16,C
22.48213,40.5,435.06403,0.1,1,0.16,B
22.48213,40.4,428.06818,0.1,1,0.16,B
22.48213,40.3,398.21814,0.1,1,0.16,B
22.48213,40.2,293.94482,0.1,1,0.16,C
22.48213,40.1,864.7307,0.1,1,0.16,A
22.48213,40,812.91,0.1,1,0.16,A
22.48213,39.9,900,0.1,1,0.16,A
22.58213,40.8,359.00702,0.1,1,0.16,C
22.58213,40.7,211.02252,0.1,1,0.16,C
22.58213,40.6,196.25533,0.1,1,0.16,C
22.58213,40.5,262.7732,0.1,1,0.16,C
22.58213,40.4,384.78583,0.1,1,0.16,B
22.58213,40.3,268.8064,0.1,1,0.16,C
22.58213,40,796.5897,0.1,1,0.16,B
22.68213,40.7,197.204,0.1,1,0.16,C
22.68213,40.6,206.05305,0.1,1,0.16,C
23.08213,41.3,900,0.1,1,0.16,A
23.18213,41.3,900,0.1,1,0.16,A
23.18213,41.2,401.11386,0.1,1,0.16,B
23.28213,41.3,784.89813,0.1,1,0.16,B
23.28213,41.2,225.00256,0.1,1,0.16,C
23.38213,41.3,732.9933,0.1,1,0.16,B
23.38213,41.2,404.6352,0.1,1,0.16,B
23.38213,41.1,215.43037,0.1,1,0.16,C
23.48213,41.3,519.0054,0.1,1,0.16,B
23.48213,41.2,663.3203,0.1,1,0.16,B
23.48213,41.1,424.38855,0.1,1,0.16,B
23.58213,41.3,649.147,0.1,1,0.16,B
23.58213,41.2,644.9143,0.1,1,0.16,B
23.58213,41.1,579.2587,0.1,1,0.16,B
23.58213,41,197.83527,0.1,1,0.16,C
23.68213,41.2,900,0.1,1,0.16,A
23.68213,41.1,674.9214,0.1,1,0.16,B
23.68213,41,284.1407,0.1,1,0.16,C
23.78213,41.1,706.2539,0.1,1,0.16,B
23.78213,41,386.72586,0.1,1,0.16,B
23.78213,40.9,263.72015,0.1,1,0.16,C
23.88213,41.1,814.409,0.1,1,0.16,A
23.88213,41,510.374,0.1,1,0.16,B
23.88213,40.9,432.1751,0.1,1,0.16,B
23.88213,40.8,623.58765,0.1,1,0.16,B
23.98213,41.1,372.54938,0.1,1,0.16,B
23.98213,41,493.84875,0.1,1,0.16,B
23.98213,40.9,872.01434,0.1,1,0.16,A
24.08213,41,404.35416,0.1,1,0.16,B
26.48213,37.6,551.237,0.1,1,0.16,B
26.78213,37.3,448.12024,0.1,1,0.16,B
26.98213,37,516.0582,0.1,1,0.16,B
20.78213,40.3,743.80493,0.1,1,0.16,B
20.78213,40.2,900,0.1,1,0.16,A
20.88213,40.4,620.8695,0.1,1,0.16,B
20.88213,40.3,884.3366,0.1,1,0.16,A
20.88213,40.2,886.60864,0.1,1,0.16,A
20.88213,40.1,900,0.1,1,0.16,A
20.88213,40,859.0919,0.1,1,0.16,A
20.88213,39.9,808.17426,0.1,1,0.16,A
20.98213,40.5,517.4523,0.1,1,0.16,B
20.98213,40.4,706.0218,0.1,1,0.16,B
20.98213,40.3,767.11487,0.1,1,0.16,B
20.98213,40.2,767.2793,0.1,1,0.16,B
20.98213,40.1,770.80225,0.1,1,0.16,B
20.98213,40,900,0.1,1,0.16,A
20.98213,39.9,850.7575,0.1,1,0.16,A
20.98213,39.8,503.34027,0.1,1,0.16,B
21.08213,40.8,523.9084,0.1,1,0.16,B
21.08213,40.7,900,0.1,1,0.16,A
21.08213,40.6,577.39154,0.1,1,0.16,B
21.08213,40.5,474.4884,0.1,1,0.16,B
21.08213,40.4,607.8467,0.1,1,0.16,B
21.08213,40.3,677.8706,0.1,1,0.16,B
21.08213,39.9,815.5798,0.1,1,0.16,A
21.08213,39.8,506.5797,0.1,1,0.16,B
21.08213,39.7,879.61426,0.1,1,0.16,A
21.08213,39.6,792.888,0.1,1,0.16,B
21.18213,40.8,900,0.1,1,0.16,A
21.18213,40.7,632.8916,0.1,1,0.16,B
21.18213,40.6,900,0.1,1,0.16,A
21.18213,40.5,286.28592,0.1,1,0.16,C
21.18213,40.4,616.36646,0.1,1,0.16,B
21.18213,39.8,543.6219,0.1,1,0.16,B
21.28213,40.8,900,0.1,1,0.16,A
21.28213,40.7,822.32166,0.1,1,0.16,A
21.28213,40.6,813.9122,0.1,1,0.16,A
21.28213,40.5,583.8895,0.1,1,0.16,B
21.28213,40.4,360.71008,0.1,1,0.16,B
21.38213,40.8,865.0132,0.1,1,0.16,A
21.38213,40.7,849.162,0.1,1,0.16,A
21.38213,40.6,900,0.1,1,0.16,A
21.38213,40.5,739.37976,0.1,1,0.16,B
21.38213,40.4,592.3862,0.1,1,0.16,B
21.48213,40.9,252.89792,0.1,1,0.16,C
21.48213,40.8,299.03995,0.1,1,0.16,C
21.48213,40.7,537.0053,0.1,1,0.16,B
21.48213,40.6,815.7541,0.1,1,0.16,A
21.48213,40.5,735.4647,0.1,1,0.16,B
21.58213,39.4,806.47644,0.1,1,0.16,A
22.28213,39.7,333.40298,0.1,1,0.16,C
22.38213,39.7,232.83667,0.1,1,0.16,C
22.48213,39.8,850.7195,0.1,1,0.16,A
22.48213,39.7,197.35114,0.1,1,0.16,C
22.58213,39.9,624.22034,0.1,1,0.16,B
22.58213,39.8,818.5958,0.1,1,0.16,A
22.58213,39.7,495.58817,0.1,1,0.16,B
22.68213,39.9,217.91222,0.1,1,0.16,C
22.68213,39.8,900,0.1,1,0.16,A
22.68213,39.7,743.5196,0.1,1,0.16,B
22.78213,40.7,271.07123,0.1,1,0.16,C
22.78213,40.6,180,0.1,1,0.16,D
22.78213,39.8,900,0.1,1,0.16,A
22.88213,40.7,435.638,0.1,1,0.16,B
22.88213,40.5,504.8228,0.1,1,0.16,B
22.98213,40.6,411.96854,0.1,1,0.16,B
22.98213,40.5,373.86743,0.1,1,0.16,B
22.98213,40.4,386.5524,0.1,1,0.16,B
23.08213,40.5,315.44104,0.1,1,0.16,C
23.08213,40.4,408.82703,0.1,1,0.16,B
23.18213,40.4,451.75662,0.1,1,0.16,B
23.18213,40.3,401.93494,0.1,1,0.16,B
23.28213,40.3,379.71707,0.1,1,0.16,B
23.38213,40.1,307.84894,0.1,1,0.16,C
23.38213,40,541.75867,0.1,1,0.16,B
23.48213,40,489.05917,0.1,1,0.16,B
20.48213,40,606.7392,0.1,1,0.16,B
20.48213,39.9,700.94806,0.1,1,0.16,B
20.58213,40,646.27106,0.1,1,0.16,B
20.58213,39.9,599.3043,0.1,1,0.16,B
20.58213,39.8,326.0719,0.1,1,0.16,C
20.58213,39.7,541.2796,0.1,1,0.16,B
20.68213,40.1,486.7384,0.1,1,0.16,B
20.68213,40,677.1449,0.1,1,0.16,B
20.68213,39.9,772.8522,0.1,1,0.16,B
20.68213,39.8,481.97757,0.1,1,0.16,B
20.68213,39.7,546.89087,0.1,1,0.16,B
20.68213,39.6,900,0.1,1,0.16,A
20.68213,39.5,522.756,0.1,1,0.16,B
20.78213,40.1,669.4208,0.1,1,0.16,B
20.78213,40,900,0.1,1,0.16,A
20.78213,39.9,840.6909,0.1,1,0.16,A
20.78213,39.8,888.4526,0.1,1,0.16,A
20.78213,39.7,412.47894,0.1,1,0.16,B
20.78213,39.6,832.0758,0.1,1,0.16,A
20.78213,39.5,795.5195,0.1,1,0.16,B
20.78213,39.4,818.18304,0.1,1,0.16,A
20.88213,39.8,463.31644,0.1,1,0.16,B
20.88213,39.7,900,0.1,1,0.16,A
20.88213,39.6,376.57532,0.1,1,0.16,B
20.88213,39.5,637.5481,0.1,1,0.16,B
20.88213,39.4,597.7567,0.1,1,0.16,B
20.98213,39.7,603.4116,0.1,1,0.16,B
20.98213,39.6,699.812,0.1,1,0.16,B
20.98213,39.5,635.292,0.1,1,0.16,B
21.68213,37.7,795.6858,0.1,1,0.16,B
21.68213,37.6,496.9454,0.1,1,0.16,B
21.78213,37.7,441.22827,0.1,1,0.16,B
21.78213,37.6,474.11285,0.1,1,0.16,B
21.78213,37.5,717.01434,0.1,1,0.16,B
21.88213,37.7,509.08698,0.1,1,0.16,B
21.88213,37.6,408.6551,0.1,1,0.16,B
21.88213,37.5,615.57935,0.1,1,0.16,B
21.98213,37.6,735.5021,0.1,1,0.16,B
21.98213,37.5,806.6299,0.1,1,0.16,A
21.98213,37.4,620.1849,0.1,1,0.16,B
22.08213,37.6,667.81055,0.1,1,0.16,B
22.08213,37.5,812.383,0.1,1,0.16,A
22.08213,37.4,449.58475,0.1,1,0.16,B
22.08213,37.3,522.8207,0.1,1,0.16,B
22.18213,37.6,626.31104,0.1,1,0.16,B
22.18213,37.5,607.99426,0.1,1,0.16,B
22.18213,37.4,728.98474,0.1,1,0.16,B
22.18213,37.3,505.27118,0.1,1,0.16,B
22.18213,37.2,561.1448,0.1,1,0.16,B
22.28213,37.6,784.978,0.1,1,0.16,B
22.28213,37.5,677.10345,0.1,1,0.16,B
22.28213,37.4,396.92804,0.1,1,0.16,B
22.28213,37.3,504.0325,0.1,1,0.16,B
22.28213,37.2,803.6726,0.1,1,0.16,A
22.38213,37.6,260.05566,0.1,1,0.16,C
22.38213,37.5,299.26804,0.1,1,0.16,C
22.38213,37.4,643.6377,0.1,1,0.16,B
22.38213,37.3,527.5573,0.1,1,0.16,B
22.38213,37.2,587.1102,0.1,1,0.16,B
22.38213,37.1,510.19073,0.1,1,0.16,B
22.38213,37,897.49634,0.1,1,0.16,A
22.48213,37.6,824.61096,0.1,1,0.16,A
22.48213,37.5,754.44635,0.1,1,0.16,B
22.48213,37.4,825.6126,0.1,1,0.16,A
22.48213,37.3,487.11456,0.1,1,0.16,B
22.48213,37.2,665.4747,0.1,1,0.16,B
22.48213,37.1,457.12234,0.1,1,0.16,B
22.48213,37,397.9052,0.1,1,0.16,B
22.48213,36.9,685.7218,0.1,1,0.16,B
22.58213,37.6,815.5343,0.1,1,0.16,A
22.58213,37.5,534.45276,0.1,1,0.16,B
22.58213,37.4,823.8292,0.1,1,0.16,A
22.58213,37.3,788.4309,0.1,1,0.16,B
22.58213,37.2,833.5209,0.1,1,0.16,A
22.58213,37.1,649.41174,0.1,1,0.16,B
22.58213,37,520.0112,0.1,1,0.16,B
22.58213,36.9,478.1949,0.1,1,0.16,B
22.58213,36.8,580.89,0.1,1,0.16,B
22.68213,37.6,896.31494,0.1,1,0.16,A
22.68213,37.5,769.5943,0.1,1,0.16,B
22.68213,37.4,811.22815,0.1,1,0.16,A
22.68213,37.3,698.4835,0.1,1,0.16,B
22.68213,37.2,728.1295,0.1,1,0.16,B
22.68213,37.1,900,0.1,1,0.16,A
22.68213,37,467.5214,0.1,1,0.16,B
22.68213,36.9,415.44794,0.1,1,0.16,B
22.78213,37.6,233.01825,0.1,1,0.16,C
22.78213,37.3,735.03345,0.1,1,0.16,B
22.78213,37.2,426.21912,0.1,1,0.16,B
22.78213,37.1,684.5371,0.1,1,0.16,B
22.78213,37,790.27075,0.1,1,0.16,B
22.78213,36.9,463.8573,0.1,1,0.16,B
22.78213,36.8,393.70508,0.1,1,0.16,B
22.88213,37.2,896.4092,0.1,1,0.16,A
22.88213,37.1,900,0.1,1,0.16,A
22.88213,37,423.60028,0.1,1,0.16,B
22.88213,36.9,684.119,0.1,1,0.16,B
22.88213,36.8,292.71887,0.1,1,0.16,C
22.88213,36.7,765.3779,0.1,1,0.16,B
22.98213,37,874.3496,0.1,1,0.16,A
22.98213,36.9,611.61694,0.1,1,0.16,B
22.98213,36.8,618.49835,0.1,1,0.16,B
22.98213,36.7,617.00256,0.1,1,0.16,B
22.98213,36.6,638.4732,0.1,1,0.16,B
22.98213,36.5,522.92444,0.1,1,0.16,B
23.08213,36.8,727.1183,0.1,1,0.16,B
23.08213,36.5,876.8817,0.1,1,0.16,A
23.68213,38.7,790.37915,0.1,1,0.16,B
23.68213,38.6,498.79852,0.1,1,0.16,B
23.78213,38.6,468.5135,0.1,1,0.16,B
23.78213,38.5,468.28308,0.1,1,0.16,B
23.88213,38.6,900,0.1,1,0.16,A
23.88213,38.5,632.4672,0.1,1,0.16,B
21.68213,37.5,454.4631,0.1,1,0.16,B
21.78213,37.4,577.163,0.1,1,0.16,B
21.88213,37.4,842.23193,0.1,1,0.16,A
21.98213,37.3,714.8785,0.1,1,0.16,B
22.28213,37.1,733.80237,0.1,1,0.16,B
23.38213,37.3,598.82556,0.1,1,0.16,B
23.78213,38,346.06326,0.1,1,0.16,C
23.78213,37.9,771.6187,0.1,1,0.16,B
23.88213,38.1,587.1163,0.1,1,0.16,B
23.88213,38,441.96997,0.1,1,0.16,B
23.98213,38.2,527.11993,0.1,1,0.16,B
24.18213,38.4,650.3346,0.1,1,0.16,B
24.18213,38.3,527.38416,0.1,1,0.16,B
23.18213,37.4,495.2448,0.1,1,0.16,B
23.18213,37.3,360.42157,0.1,1,0.16,B
23.28213,37.4,559.67957,0.1,1,0.16,B
23.88213,38.4,361.81686,0.1,1,0.16,B
23.98213,38.6,476.27228,0.1,1,0.16,B
23.98213,38.5,547.3439,0.1,1,0.16,B
23.98213,38.4,687.6902,0.1,1,0.16,B
24.08213,38.6,451.70718,0.1,1,0.16,B
24.08213,38.5,500.2163,0.1,1,0.16,B
24.08213,38.4,544.2006,0.1,1,0.16,B
24.18213,38.5,562.61273,0.1,1,0.16,B
23.88213,37.9,338.35114,0.1,1,0.16,C
23.88213,37.8,419.15018,0.1,1,0.16,B
23.98213,38,414.3189,0.1,1,0.16,B
23.98213,37.9,363.5989,0.1,1,0.16,B
23.98213,37.8,549.33514,0.1,1,0.16,B
23.98213,37.7,515.81744,0.1,1,0.16,B
24.28213,38.1,631.08325,0.1,1,0.16,B
24.28213,38,683.7431,0.1,1,0.16,B
24.28213,37.6,601.3858,0.1,1,0.16,B
24.38213,38.1,632.9265,0.1,1,0.16,B
24.38213,38,623.21765,0.1,1,0.16,B
24.38213,36.7,539.4608,0.1,1,0.16,B
24.48213,38.1,836.7207,0.1,1,0.16,A
24.48213,38,900,0.1,1,0.16,A
24.48213,37.4,533.667,0.1,1,0.16,B
24.48213,37.2,570.92975,0.1,1,0.16,B
24.48213,36.7,361.23187,0.1,1,0.16,B
24.58213,36.8,505.84406,0.1,1,0.16,B
24.68213,37.6,533.0354,0.1,1,0.16,B
24.68213,37,663.8945,0.1,1,0.16,B
24.78213,37.9,642.977,0.1,1,0.16,B
24.88213,37.9,549.57367,0.1,1,0.16,B
24.88213,37.8,611.3015,0.1,1,0.16,B
24.88213,37.4,485.2414,0.1,1,0.16,B
25.08213,37.6,889.26556,0.1,1,0.16,A
25.18213,37.6,721.5646,0.1,1,0.16,B
25.18213,37.1,426.87167,0.1,1,0.16,B
25.18213,37,659.44556,0.1,1,0.16,B
25.38213,37.1,377.8929,0.1,1,0.16,B
25.38213,36.7,794.9445,0.1,1,0.16,B
25.48213,37.1,522.20807,0.1,1,0.16,B
25.48213,37,757.46686,0.1,1,0.16,B
25.58213,37.1,887.6172,0.1,1,0.16,A
26.08213,37.6,667.21045,0.1,1,0.16,B
26.18213,37.6,784.66846,0.1,1,0.16,B
21.28213,39.6,634.8927,0.15,2,0.24,B
21.28213,39.5,900,0.15,2,0.24,A
21.28213,39.4,799.6049,0.15,2,0.24,B
21.38213,39.4,722.099,0.15,2,0.24,B
21.48213,39.4,800.1681,0.15,2,0.24,A
21.78213,39.5,218.92319,0.15,2,0.24,C
21.98213,39.6,272.06052,0.15,2,0.24,C
22.08213,39.6,671.75635,0.15,2,0.24,B
22.18213,39.6,670.1003,0.15,2,0.24,B
22.38213,41.1,668.82825,0.15,2,0.24,B
22.48213,41.1,478.3582,0.15,2,0.24,B
22.48213,41,486.9869,0.15,2,0.24,B
22.58213,41.1,333.37482,0.15,2,0.24,C
22.58213,41,439.07217,0.15,2,0.24,B
22.58213,40.9,271.7882,0.15,2,0.24,C
22.68213,41.1,544.26263,0.15,2,0.24,B
22.68213,41,397.16113,0.15,2,0.24,B
22.68213,40.9,325.42673,0.15,2,0.24,C
22.68213,40.8,433.86346,0.15,2,0.24,B
22.78213,41.3,870.23193,0.15,2,0.24,A
22.78213,41.2,381.35892,0.15,2,0.24,B
22.78213,41.1,314.5172,0.15,2,0.24,C
22.78213,41,288.23492,0.15,2,0.24,C
22.78213,40.9,451.8219,0.15,2,0.24,B
22.78213,40.8,448.776,0.15,2,0.24,B
22.88213,41.3,743.8723,0.15,2,0.24,B
22.88213,41.2,636.9237,0.15,2,0.24,B
22.88213,41.1,429.6218,0.15,2,0.24,B
22.88213,41,334.5052,0.15,2,0.24,C
22.88213,40.9,321.573,0.15,2,0.24,C
22.98213,41.3,892.6283,0.15,2,0.24,A
22.98213,41.2,630.0382,0.15,2,0.24,B
22.98213,41.1,367.66232,0.15,2,0.24,B
22.98213,41,489.0121,0.15,2,0.24,B
23.08213,41.2,482.02234,0.15,2,0.24,B
23.08213,41.1,566.28107,0.15,2,0.24,B
23.18213,41.1,652.04315,0.15,2,0.24,B
23.28213,41.1,266.06384,0.15,2,0.24,C
23.28213,41,542.6259,0.15,2,0.24,B
23.38213,41,312.67896,0.15,2,0.24,C
23.38213,40.9,658.4231,0.15,2,0.24,B
23.48213,41,190.31905,0.15,2,0.24,C
23.48213,40.9,478.62097,0.15,2,0.24,B
23.58213,40.9,377.0756,0.15,2,0.24,B
23.68213,40.9,303.141,0.15,2,0.24,C
23.68213,40.8,649.7247,0.15,2,0.24,B
23.78213,40.8,449.49918,0.15,2,0.24,B
25.08213,39.9,557.7844,0.15,2,0.24,B
25.18213,39.9,485.01266,0.15,2,0.24,B
25.28213,39.9,356.67236,0.15,2,0.24,C
25.38213,40,398.08728,0.15,2,0.24,B
25.58213,40.5,672.38385,0.15,2,0.24,B
25.58213,40.4,799.0374,0.15,2,0.24,B
25.58213,38.6,693.91046,0.15,2,0.24,B
25.88213,39.2,416.5789,0.15,2,0.24,B
25.88213,38.5,537.9589,0.15,2,0.24,B
25.98213,39.2,631.30554,0.15,2,0.24,B
25.98213,38.5,547.48645,0.15,2,0.24,B
25.98213,38.4,847.96075,0.15,2,0.24,A
25.98213,38.3,580.6616,0.15,2,0.24,B
25.98213,38.2,428.86414,0.15,2,0.24,B
26.08213,39.3,623.9302,0.15,2,0.24,B
26.08213,39.2,763.79346,0.15,2,0.24,B
26.08213,39.1,575.36255,0.15,2,0.24,B
26.08213,38.5,637.07666,0.15,2,0.24,B
26.08213,38.4,619.032,0.15,2,0.24,B
26.08213,38.3,663.1023,0.15,2,0.24,B
26.18213,39.3,760.82947,0.15,2,0.24,B
26.18213,39.2,381.53314,0.15,2,0.24,B
26.18213,39.1,476.90933,0.15,2,0.24,B
26.28213,39.3,630.5639,0.15,2,0.24,B
26.28213,39.2,451.96158,0.15,2,0.24,B
26.28213,39.1,650.8781,0.15,2,0.24,B
26.28213,38.5,455.44867,0.15,2,0.24,B
26.38213,39.3,431.9951,0.15,2,0.24,B
26.38213,39.2,494.82663,0.15,2,0.24,B
26.38213,39.1,647.1979,0.15,2,0.24,B
26.38213,39,823.5874,0.15,2,0.24,A
26.48213,39.2,551.84314,0.15,2,0.24,B
26.48213,39,542.1489,0.15,2,0.24,B
26.78213,37.8,894.511,0.15,2,0.24,A
26.78213,37.7,838.8667,0.15,2,0.24,A
26.88213,37.7,640.7099,0.15,2,0.24,B
27.08213,36.8,372.84167,0.15,2,0.24,B
27.28213,36.9,253.02173,0.15,2,0.24,C
21.08213,39.5,790.54846,0.15,2,0.24,B
21.08213,39.4,830.37836,0.15,2,0.24,A
21.08213,39.3,592.3577,0.15,2,0.24,B
21.18213,39.6,775.75635,0.15,2,0.24,B
21.18213,39.5,809.16425,0.15,2,0.24,A
21.18213,39.4,746.0371,0.15,2,0.24,B
21.18213,39.3,627.3247,0.15,2,0.24,B
21.18213,39.2,493.28278,0.15,2,0.24,B
21.28213,39.3,554.71716,0.15,2,0.24,B
21.28213,39.2,836.4342,0.15,2,0.24,A
21.38213,39.3,897.9314,0.15,2,0.24,A
21.38213,39.2,674.2061,0.15,2,0.24,B
21.48213,39.3,810.21497,0.15,2,0.24,A
21.58213,39.3,900,0.15,2,0.24,A
21.68213,39.4,805.0965,0.15,2,0.24,A
21.68213,39.3,659.5707,0.15,2,0.24,B
21.78213,39.4,679.4583,0.15,2,0.24,B
21.78213,39.3,533.0787,0.15,2,0.24,B
21.78213,39.2,550.7163,0.15,2,0.24,B
21.88213,39.5,213.38846,0.15,2,0.24,C
21.88213,39.4,210.9674,0.15,2,0.24,C
21.88213,39.3,534.87537,0.15,2,0.24,B
21.88213,39.2,609.2949,0.15,2,0.24,B
21.98213,39.5,199.36676,0.15,2,0.24,C
21.98213,39.4,217.68254,0.15,2,0.24,C
21.98213,39.3,261.17612,0.15,2,0.24,C
21.98213,39.2,861.0354,0.15,2,0.24,A
21.98213,39.1,662.19025,0.15,2,0.24,B
22.08213,39.5,355.82385,0.15,2,0.24,C
22.08213,39.4,219.87567,0.15,2,0.24,C
22.08213,39.3,224.88779,0.15,2,0.24,C
22.08213,39.2,507.72318,0.15,2,0.24,B
22.08213,39.1,665.5949,0.15,2,0.24,B
22.18213,39.5,572.6393,0.15,2,0.24,B
22.18213,39.4,217.5954,0.15,2,0.24,C
22.18213,39.3,219.09738,0.15,2,0.24,C
22.18213,39.2,225.06674,0.15,2,0.24,C
22.28213,39.6,318.12866,0.15,2,0.24,C
22.28213,39.5,529.0508,0.15,2,0.24,B
22.28213,39.4,390.59692,0.15,2,0.24,B
22.28213,39.3,222.89467,0.15,2,0.24,C
22.38213,39.6,339.83093,0.15,2,0.24,C
22.38213,39.5,327.63638,0.15,2,0.24,C
22.38213,39.4,399.4715,0.15,2,0.24,B
22.38213,39.3,317.29202,0.15,2,0.24,C
22.48213,39.6,229.06909,0.15,2,0.24,C
22.48213,39.5,343.09183,0.15,2,0.24,C
22.48213,39.4,353.8579,0.15,2,0.24,C
22.48213,39.3,409.01962,0.15,2,0.24,B
22.48213,39.2,440.25534,0.15,2,0.24,B
22.58213,39.6,237.37082,0.15,2,0.24,C
22.58213,39.5,359.522,0.15,2,0.24,C
22.58213,39.4,411.13538,0.15,2,0.24,B
22.58213,39.3,354.03268,0.15,2,0.24,C
22.68213,39.6,225.82027,0.15,2,0.24,C
22.68213,39.5,257.25104,0.15,2,0.24,C
22.78213,39.7,484.72748,0.15,2,0.24,B
22.78213,39.6,744.9004,0.15,2,0.24,B
22.88213,40.8,599.2393,0.15,2,0.24,B
22.88213,39.6,768.37805,0.15,2,0.24,B
22.98213,40.9,439.62402,0.15,2,0.24,B
22.98213,40.8,458.04633,0.15,2,0.24,B
22.98213,40.7,571.1371,0.15,2,0.24,B
23.08213,41,500.8061,0.15,2,0.24,B
23.08213,40.9,492.99097,0.15,2,0.24,B
23.08213,40.8,507.049,0.15,2,0.24,B
23.08213,40.7,325.63818,0.15,2,0.24,C
23.08213,40.6,547.81,0.15,2,0.24,B
23.18213,41,431.04053,0.15,2,0.24,B
23.18213,40.9,423.6989,0.15,2,0.24,B
23.18213,40.8,480.24374,0.15,2,0.24,B
23.18213,40.7,383.76703,0.15,2,0.24,B
23.18213,40.6,600.7706,0.15,2,0.24,B
23.18213,40.5,606.3856,0.15,2,0.24,B
23.28213,40.9,456.09814,0.15,2,0.24,B
23.28213,40.8,393.36502,0.15,2,0.24,B
23.28213,40.7,499.23175,0.15,2,0.24,B
23.28213,40.6,487.03064,0.15,2,0.24,B
23.28213,40.5,695.95074,0.15,2,0.24,B
23.28213,40.4,556.85004,0.15,2,0.24,B
23.38213,40.8,439.93454,0.15,2,0.24,B
23.38213,40.7,472.49963,0.15,2,0.24,B
23.38213,40.6,554.0305,0.15,2,0.24,B
23.38213,40.5,724.5194,0.15,2,0.24,B
23.38213,40.4,590.2312,0.15,2,0.24,B
23.38213,40.3,376.61337,0.15,2,0.24,B
23.48213,40.8,378.21976,0.15,2,0.24,B
23.48213,40.7,841.7205,0.15,2,0.24,A
23.48213,40.6,398.81995,0.15,2,0.24,B
23.48213,40.5,462.2765,0.15,2,0.24,B
23.48213,40.4,461.6479,0.15,2,0.24,B
23.48213,40.3,400.5025,0.15,2,0.24,B
23.58213,40.8,583.01355,0.15,2,0.24,B
23.58213,40.7,522.95886,0.15,2,0.24,B
23.58213,40.6,639.78864,0.15,2,0.24,B
23.58213,40.5,538.1956,0.15,2,0.24,B
23.58213,40.4,599.15564,0.15,2,0.24,B
23.58213,40.3,546.5882,0.15,2,0.24,B
23.68213,40.7,492.4976,0.15,2,0.24,B
23.68213,40.6,650.11487,0.15,2,0.24,B
23.68213,40.5,636.91736,0.15,2,0.24,B
23.68213,40.4,518.2129,0.15,2,0.24,B
23.68213,40.3,609.33765,0.15,2,0.24,B
23.68213,40.2,490.50482,0.15,2,0.24,B
23.78213,40.5,660.8391,0.15,2,0.24,B
23.78213,40.4,757.47455,0.15,2,0.24,B
23.78213,40.1,484.96234,0.15,2,0.24,B
23.88213,40.1,727.29297,0.15,2,0.24,B
23.88213,40,459.7602,0.15,2,0.24,B
23.98213,40,511.28152,0.15,2,0.24,B
24.08213,40.3,556.8732,0.15,2,0.24,B
24.18213,40.3,580.4597,0.15,2,0.24,B
24.28213,40.2,684.1753,0.15,2,0.24,B
19.68213,39.7,723.3439,0.15,2,0.24,B
19.78213,39.7,838.0172,0.15,2,0.24,A
19.78213,39.6,584.8843,0.15,2,0.24,B
19.88213,39.8,607.92,0.15,2,0.24,B
19.88213,39.6,385.80237,0.15,2,0.24,B
19.88213,39.5,503.85712,0.15,2,0.24,B
20.08213,39.4,286.75446,0.15,2,0.24,C
20.18213,39.6,421.2038,0.15,2,0.24,B
20.18213,39.2,564.6537,0.15,2,0.24,B
20.28213,39.7,573.01733,0.15,2,0.24,B
20.28213,39.6,468.38696,0.15,2,0.24,B
20.28213,39.5,861.93695,0.15,2,0.24,A
20.28213,39.4,886.4178,0.15,2,0.24,A
20.38213,39.9,514.5684,0.15,2,0.24,B
20.38213,39.7,585.6139,0.15,2,0.24,B
20.38213,39.6,758.1,0.15,2,0.24,B
20.38213,39.5,817.64624,0.15,2,0.24,A
20.38213,39.4,391.8826,0.15,2,0.24,B
20.38213,39.3,900,0.15,2,0.24,A
20.48213,39.8,458.43454,0.15,2,0.24,B
20.48213,39.7,448.02414,0.15,2,0.24,B
20.48213,39.6,815.9474,0.15,2,0.24,A
20.48213,39.5,900,0.15,2,0.24,A
20.48213,39.4,348.59122,0.15,2,0.24,C
20.48213,39.3,600.957,0.15,2,0.24,B
20.58213,39.6,596.1855,0.15,2,0.24,B
20.58213,39.5,785.861,0.15,2,0.24,B
20.58213,39.4,900,0.15,2,0.24,A
20.58213,39.3,267.31927,0.15,2,0.24,C
20.58213,39.2,665.0366,0.15,2,0.24,B
20.68213,39.4,886.0621,0.15,2,0.24,A
20.68213,39.3,900,0.15,2,0.24,A
20.68213,39.2,523.16956,0.15,2,0.24,B
20.68213,39.1,367.09302,0.15,2,0.24,B
20.78213,39.3,568.3873,0.15,2,0.24,B
20.78213,39.2,734.05493,0.15,2,0.24,B
20.78213,39.1,180,0.15,2,0.24,D
20.88213,39.3,582.41547,0.15,2,0.24,B
20.88213,39.2,520.92395,0.15,2,0.24,B
20.88213,39.1,211.73782,0.15,2,0.24,C
20.98213,39.4,703.00507,0.15,2,0.24,B
20.98213,39.3,900,0.15,2,0.24,A
20.98213,39.2,592.99756,0.15,2,0.24,B
20.98213,39.1,228.92584,0.15,2,0.24,C
20.98213,38.9,542.22534,0.15,2,0.24,B
20.98213,38.8,785.94934,0.15,2,0.24,B
21.08213,39.2,627.6893,0.15,2,0.24,B
21.08213,39.1,460.8692,0.15,2,0.24,B
21.08213,38.8,531.69745,0.15,2,0.24,B
21.08213,38.7,828.9158,0.15,2,0.24,A
21.08213,38.6,654.9289,0.15,2,0.24,B
21.18213,39.1,658.22943,0.15,2,0.24,B
21.18213,39,612.962,0.15,2,0.24,B
21.18213,38.9,331.18295,0.15,2,0.24,C
21.18213,38.8,626.3501,0.15,2,0.24,B
21.18213,38.7,439.50897,0.15,2,0.24,B
21.18213,38.6,532.99255,0.15,2,0.24,B
21.18213,38.5,467.06207,0.15,2,0.24,B
21.18213,38.4,235.01645,0.15,2,0.24,C
21.18213,38.3,204.11243,0.15,2,0.24,C
21.28213,39.1,900,0.15,2,0.24,A
21.28213,39,613.69574,0.15,2,0.24,B
21.28213,38.9,731.2622,0.15,2,0.24,B
21.28213,38.8,486.0011,0.15,2,0.24,B
21.28213,38.7,553.57904,0.15,2,0.24,B
21.28213,38.6,224.54474,0.15,2,0.24,C
21.28213,38.5,402.75067,0.15,2,0.24,B
21.28213,38.4,227.93335,0.15,2,0.24,C
21.28213,38,495,0.15,2,0.24,B
21.38213,39.1,835.8155,0.15,2,0.24,A
21.38213,39,861.72797,0.15,2,0.24,A
21.38213,38.9,489.98727,0.15,2,0.24,B
21.38213,38.8,630.88873,0.15,2,0.24,B
21.38213,38.7,700.5956,0.15,2,0.24,B
21.38213,38.6,288.3739,0.15,2,0.24,C
21.38213,38.5,794.90717,0.15,2,0.24,B
21.38213,38.2,418.88205,0.15,2,0.24,B
21.38213,38.1,220.50583,0.15,2,0.24,C
21.38213,38,303.4552,0.15,2,0.24,C
21.38213,37.9,404.32922,0.15,2,0.24,B
21.48213,39.2,900,0.15,2,0.24,A
21.48213,39.1,544.0989,0.15,2,0.24,B
21.48213,39,584.7293,0.15,2,0.24,B
21.48213,38.9,669.1626,0.15,2,0.24,B
21.48213,38.8,626.461,0.15,2,0.24,B
21.48213,38.7,633.4917,0.15,2,0.24,B
21.48213,38.6,421.38528,0.15,2,0.24,B
21.48213,38.5,794.28516,0.15,2,0.24,B
21.48213,38.4,593.1102,0.15,2,0.24,B
21.48213,38.3,390,0.15,2,0.24,B
21.48213,38.1,273.932,0.15,2,0.24,C
21.48213,38,477.1592,0.15,2,0.24,B
21.48213,37.9,247.05428,0.15,2,0.24,C
21.48213,37.8,433.40573,0.15,2,0.24,B
21.58213,39.2,741.5489,0.15,2,0.24,B
21.58213,39.1,900,0.15,2,0.24,A
21.58213,39,742.8374,0.15,2,0.24,B
21.58213,38.9,900,0.15,2,0.24,A
21.58213,38.8,844.78406,0.15,2,0.24,A
21.58213,38.7,877.5427,0.15,2,0.24,A
21.58213,38.6,659.14496,0.15,2,0.24,B
21.58213,38.5,670.83606,0.15,2,0.24,B
21.58213,38.1,382.64453,0.15,2,0.24,B
21.58213,38,593.6791,0.15,2,0.24,B
21.58213,37.9,451.81622,0.15,2,0.24,B
21.58213,37.8,506.4944,0.15,2,0.24,B
21.58213,37.7,490.3341,0.15,2,0.24,B
21.68213,39.2,747.10376,0.15,2,0.24,B
21.68213,39.1,800.09143,0.15,2,0.24,A
21.68213,39,705.6283,0.15,2,0.24,B
21.68213,38.9,898.3451,0.15,2,0.24,A
21.68213,38.8,900,0.15,2,0.24,A
21.68213,38.7,779.67847,0.15,2,0.24,B
21.68213,38.6,575.31964,0.15,2,0.24,B
21.68213,38.1,308.0606,0.15,2,0.24,C
21.68213,38,436.6398,0.15,2,0.24,B
21.68213,37.9,427.209,0.15,2,0.24,B
21.68213,37.8,442.7744,0.15,2,0.24,B
21.78213,39.1,814.6254,0.15,2,0.24,A
21.78213,39,900,0.15,2,0.24,A
21.78213,38.9,636.7578,0.15,2,0.24,B
21.78213,38.8,900,0.15,2,0.24,A
21.78213,38.7,818.4998,0.15,2,0.24,A
21.78213,38.6,711.73096,0.15,2,0.24,B
21.78213,38.1,628.4847,0.15,2,0.24,B
21.78213,38,643.5226,0.15,2,0.24,B
21.78213,37.9,807.12103,0.15,2,0.24,A
21.78213,37.8,434.28934,0.15,2,0.24,B
21.88213,39.1,751.7202,0.15,2,0.24,B
21.88213,39,814.9865,0.15,2,0.24,A
21.88213,38.9,736.05945,0.15,2,0.24,B
21.88213,38.8,600.8524,0.15,2,0.24,B
21.88213,38.7,697.406,0.15,2,0.24,B
21.88213,38.6,732.62494,0.15,2,0.24,B
21.88213,38,863.72034,0.15,2,0.24,A
21.88213,37.9,900,0.15,2,0.24,A
21.88213,37.8,507.86072,0.15,2,0.24,B
21.98213,39,803.06104,0.15,2,0.24,A
21.98213,38.9,615.91284,0.15,2,0.24,B
21.98213,38.8,727.9506,0.15,2,0.24,B
21.98213,38.7,771.8737,0.15,2,0.24,B
21.98213,38.6,752.56445,0.15,2,0.24,B
21.98213,38,840.2162,0.15,2,0.24,A
21.98213,37.9,696.0863,0.15,2,0.24,B
21.98213,37.8,776.6892,0.15,2,0.24,B
21.98213,37.7,618.7761,0.15,2,0.24,B
22.08213,39,765.05676,0.15,2,0.24,B
22.08213,38.9,780.0464,0.15,2,0.24,B
22.08213,38.8,612.84283,0.15,2,0.24,B
22.08213,38.7,900,0.15,2,0.24,A
22.08213,38.6,727.3154,0.15,2,0.24,B
22.08213,38,855.9498,0.15,2,0.24,A
22.08213,37.9,772.76013,0.15,2,0.24,B
22.08213,37.8,770.7035,0.15,2,0.24,B
22.08213,37.7,663.70654,0.15,2,0.24,B
22.18213,39.1,491.66364,0.15,2,0.24,B
22.18213,39,612.6256,0.15,2,0.24,B
22.18213,38.9,358.75766,0.15,2,0.24,C
22.18213,38.8,829.6778,0.15,2,0.24,A
22.18213,38.7,724.68604,0.15,2,0.24,B
22.18213,38.6,900,0.15,2,0.24,A
22.18213,38,881.38855,0.15,2,0.24,A
22.18213,37.9,857.35706,0.15,2,0.24,A
22.18213,37.8,863.3246,0.15,2,0.24,A
22.18213,37.7,550.7872,0.15,2,0.24,B
22.28213,39.2,257.44125,0.15,2,0.24,C
22.28213,39.1,553.68823,0.15,2,0.24,B
22.28213,39,536.05566,0.15,2,0.24,B
22.28213,38.9,383.64514,0.15,2,0.24,B
22.28213,38.8,591.1221,0.15,2,0.24,B
22.28213,38.7,589.07874,0.15,2,0.24,B
22.28213,38.6,876.4049,0.15,2,0.24,A
22.28213,38,819.5431,0.15,2,0.24,A
22.28213,37.9,900,0.15,2,0.24,A
22.28213,37.8,645.53125,0.15,2,0.24,B
22.28213,37.7,879.95386,0.15,2,0.24,A
22.38213,39.2,574.99677,0.15,2,0.24,B
22.38213,39.1,368.1402,0.15,2,0.24,B
22.38213,39,568.47015,0.15,2,0.24,B
22.38213,38.9,505.30295,0.15,2,0.24,B
22.38213,38.8,865.6018,0.15,2,0.24,A
22.38213,38.7,500.16852,0.15,2,0.24,B
22.38213,38.6,900,0.15,2,0.24,A
22.38213,38,784.292,0.15,2,0.24,B
22.38213,37.9,862.68823,0.15,2,0.24,A
22.38213,37.8,769.1911,0.15,2,0.24,B
22.38213,37.7,828.9404,0.15,2,0.24,A
22.38213,36.9,900,0.15,2,0.24,A
22.38213,36.7,888.5043,0.15,2,0.24,A
22.38213,36.6,570.5134,0.15,2,0.24,B
22.38213,36.5,424.31503,0.15,2,0.24,B
22.48213,39.1,568.642,0.15,2,0.24,B
22.48213,39,500.4387,0.15,2,0.24,B
22.48213,38.9,577.3501,0.15,2,0.24,B
22.48213,38.8,526.1316,0.15,2,0.24,B
22.48213,38.7,455.49585,0.15,2,0.24,B
22.48213,38.6,900,0.15,2,0.24,A
22.48213,38,851.1928,0.15,2,0.24,A
22.48213,37.9,900,0.15,2,0.24,A
22.48213,37.8,792.65936,0.15,2,0.24,B
22.48213,37.7,879.24097,0.15,2,0.24,A
22.48213,36.8,605.9453,0.15,2,0.24,B
22.48213,36.7,612.04315,0.15,2,0.24,B
22.48213,36.5,894.5552,0.15,2,0.24,A
22.48213,36.4,611.47546,0.15,2,0.24,B
22.58213,39.2,365.91608,0.15,2,0.24,B
22.58213,39.1,591.96686,0.15,2,0.24,B
22.58213,39,706.90125,0.15,2,0.24,B
22.58213,38.9,453.70398,0.15,2,0.24,B
22.58213,38.8,582.0854,0.15,2,0.24,B
22.58213,38.7,702.18567,0.15,2,0.24,B
22.58213,38.6,857.41516,0.15,2,0.24,A
22.58213,37.9,602.7282,0.15,2,0.24,B
22.58213,37.8,716.7229,0.15,2,0.24,B
22.58213,37.7,716.98914,0.15,2,0.24,B
22.68213,39.4,455.84955,0.15,2,0.24,B
22.68213,39.3,557.0997,0.15,2,0.24,B
22.68213,39.2,381.71185,0.15,2,0.24,B
22.68213,39.1,776.6061,0.15,2,0.24,B
22.68213,39,826.9258,0.15,2,0.24,A
22.68213,38.9,491.1828,0.15,2,0.24,B
22.68213,38.8,385.4666,0.15,2,0.24,B
22.68213,38.7,814.91797,0.15,2,0.24,A
22.68213,38.6,489.3831,0.15,2,0.24,B
22.68213,37.9,675.3175,0.15,2,0.24,B
22.68213,37.8,628.84564,0.15,2,0.24,B
22.68213,37.7,409.29333,0.15,2,0.24,B
22.78213,39.5,183.05719,0.15,2,0.24,C
22.78213,39.4,440.35065,0.15,2,0.24,B
22.78213,39.3,478.46613,0.15,2,0.24,B
22.78213,39.2,315.90778,0.15,2,0.24,C
22.78213,39.1,509.96277,0.15,2,0.24,B
22.78213,39,581.1325,0.15,2,0.24,B
22.78213,38.9,823.7312,0.15,2,0.24,A
22.78213,38.7,616.2809,0.15,2,0.24,B
22.78213,38.6,270.32504,0.15,2,0.24,C
22.78213,38.5,436.5044,0.15,2,0.24,B
22.78213,38.4,900,0.15,2,0.24,A
22.78213,37.9,558.8215,0.15,2,0.24,B
22.78213,37.8,397.75912,0.15,2,0.24,B
22.78213,37.7,797.9585,0.15,2,0.24,B
22.88213,39.5,777.93835,0.15,2,0.24,B
22.88213,39.4,489.52563,0.15,2,0.24,B
22.88213,39.3,855.16943,0.15,2,0.24,A
22.88213,39.1,306.3084,0.15,2,0.24,C
22.88213,39,555.82654,0.15,2,0.24,B
22.88213,38.7,542.0661,0.15,2,0.24,B
22.88213,38.6,605.57086,0.15,2,0.24,B
22.88213,38.5,416.7951,0.15,2,0.24,B
22.88213,38.4,772.3277,0.15,2,0.24,B
22.88213,38.3,845.92236,0.15,2,0.24,A
22.88213,37.8,454.85745,0.15,2,0.24,B
22.88213,37.7,432.1051,0.15,2,0.24,B
22.88213,37.6,536.9719,0.15,2,0.24,B
22.98213,39.5,672.7519,0.15,2,0.24,B
22.98213,39.4,868.23193,0.15,2,0.24,A
22.98213,39,807.03345,0.15,2,0.24,A
22.98213,38.9,593.9155,0.15,2,0.24,B
22.98213,38.7,610.2749,0.15,2,0.24,B
22.98213,38.6,625.4448,0.15,2,0.24,B
22.98213,38.5,256.6417,0.15,2,0.24,C
22.98213,38.4,328.6466,0.15,2,0.24,C
22.98213,38.3,900,0.15,2,0.24,A
22.98213,37.8,762.1061,0.15,2,0.24,B
22.98213,37.7,643.7952,0.15,2,0.24,B
22.98213,37.6,530.715,0.15,2,0.24,B
22.98213,36.3,527.4394,0.15,2,0.24,B
22.98213,36.2,353.9607,0.15,2,0.24,C
23.08213,39.5,825,0.15,2,0.24,A
23.08213,39.4,900,0.15,2,0.24,A
23.08213,39.1,616.11487,0.15,2,0.24,B
23.08213,38.9,662.13855,0.15,2,0.24,B
23.08213,38.6,537.2377,0.15,2,0.24,B
23.08213,38.5,526.17566,0.15,2,0.24,B
23.08213,38.4,185.65544,0.15,2,0.24,C
23.08213,38.3,874.52234,0.15,2,0.24,A
23.08213,37.8,712.12415,0.15,2,0.24,B
23.08213,37.7,516.3498,0.15,2,0.24,B
23.08213,37.6,604.98145,0.15,2,0.24,B
23.18213,39.4,750,0.15,2,0.24,B
23.18213,39.3,512.8355,0.15,2,0.24,B
23.18213,39,482.24478,0.15,2,0.24,B
23.18213,38.9,585.61255,0.15,2,0.24,B
23.18213,38.6,596.2408,0.15,2,0.24,B
23.18213,38.5,221.01945,0.15,2,0.24,C
23.18213,38.4,466.486,0.15,2,0.24,B
23.18213,38.3,407.06335,0.15,2,0.24,B
23.28213,39.2,542.21405,0.15,2,0.24,B
23.28213,39,432.03262,0.15,2,0.24,B
23.28213,38.9,447.5692,0.15,2,0.24,B
23.28213,38.8,596.95746,0.15,2,0.24,B
23.28213,38.6,542.39575,0.15,2,0.24,B
23.28213,38.5,757.6286,0.15,2,0.24,B
23.28213,38.4,506.34482,0.15,2,0.24,B
23.28213,38.3,484.932,0.15,2,0.24,B
23.28213,38,581.4383,0.15,2,0.24,B
23.38213,38.9,426.9936,0.15,2,0.24,B
23.38213,38.8,422.95917,0.15,2,0.24,B
23.38213,38.5,869.848,0.15,2,0.24,A
23.38213,38.4,584.9629,0.15,2,0.24,B
23.38213,38.3,363.95798,0.15,2,0.24,B
23.38213,38.2,683.4154,0.15,2,0.24,B
23.38213,38.1,798.4277,0.15,2,0.24,B
23.38213,38,331.24277,0.15,2,0.24,C
23.48213,39.2,736.4219,0.15,2,0.24,B
23.48213,38.8,363.58838,0.15,2,0.24,B
23.48213,38.7,784.1632,0.15,2,0.24,B
23.48213,38.4,510.52582,0.15,2,0.24,B
23.48213,38.3,369.93542,0.15,2,0.24,B
23.48213,38.2,545.7881,0.15,2,0.24,B
23.58213,38.7,614.18225,0.15,2,0.24,B
23.58213,38.6,616.62036,0.15,2,0.24,B
23.58213,38.4,449.28217,0.15,2,0.24,B
23.58213,38.3,476.10767,0.15,2,0.24,B
23.58213,35.5,695.11066,0.15,2,0.24,B
23.58213,35.4,700.8087,0.15,2,0.24,B
23.58213,35.3,640.1746,0.15,2,0.24,B
23.68213,39.1,539.3364,0.15,2,0.24,B
23.68213,38.5,537.5879,0.15,2,0.24,B
23.68213,38.3,411.95697,0.15,2,0.24,B
23.68213,35.4,540.5847,0.15,2,0.24,B
23.68213,35.3,514.84753,0.15,2,0.24,B
23.78213,38.4,472.152,0.15,2,0.24,B
23.78213,35.5,470.81042,0.15,2,0.24,B
23.78213,35.4,673.51776,0.15,2,0.24,B
23.78213,35.3,875.2759,0.15,2,0.24,A
23.88213,39.2,795.6849,0.15,2,0.24,B
23.88213,35.5,420.88837,0.15,2,0.24,B
23.88213,35.4,603.1983,0.15,2,0.24,B
23.88213,35.3,812.0697,0.15,2,0.24,A
23.98213,39.2,466.53354,0.15,2,0.24,B
23.98213,35.5,396.02673,0.15,2,0.24,B
23.98213,35.4,742.0898,0.15,2,0.24,B
23.98213,35.3,860.98596,0.15,2,0.24,A
24.08213,35.4,560.1696,0.15,2,0.24,B
24.08213,35.3,710.5571,0.15,2,0.24,B
24.18213,39.5,506.74487,0.15,2,0.24,B
24.18213,39.4,825,0.15,2,0.24,A
24.18213,35.4,446.93854,0.15,2,0.24,B
24.18213,35.3,819.8572,0.15,2,0.24,A
24.18213,35.2,740.63855,0.15,2,0.24,B
24.28213,35.3,900,0.15,2,0.24,A
24.28213,35.2,887.439,0.15,2,0.24,A
24.38213,35.3,455.78552,0.15,2,0.24,B
24.38213,35.2,878.1323,0.15,2,0.24,A
24.48213,35.3,723.5204,0.15,2,0.24,B
24.48213,35.2,466.24664,0.15,2,0.24,B
24.58213,35.3,634.34015,0.15,2,0.24,B
24.58213,35.2,639.7132,0.15,2,0.24,B
24.58213,35.1,626.93726,0.15,2,0.24,B
24.68213,35.4,393.87305,0.15,2,0.24,B
24.68213,35.3,732.3244,0.15,2,0.24,B
24.68213,35.2,804.86896,0.15,2,0.24,A
24.68213,35.1,738.16815,0.15,2,0.24,B
24.78213,35.4,675.1331,0.15,2,0.24,B
24.78213,35.3,733.6671,0.15,2,0.24,B
24.78213,35.2,900,0.15,2,0.24,A
24.78213,35.1,497.04672,0.15,2,0.24,B
24.78213,35,426.50543,0.15,2,0.24,B
24.88213,35.4,580.3253,0.15,2,0.24,B
24.88213,35.3,532.97705,0.15,2,0.24,B
24.88213,35.2,474.12204,0.15,2,0.24,B
24.88213,35.1,612.3195,0.15,2,0.24,B
24.88213,35,796.3699,0.15,2,0.24,B
24.98213,35.4,611.3722,0.15,2,0.24,B
24.98213,35.3,483.21246,0.15,2,0.24,B
24.98213,35.2,900,0.15,2,0.24,A
24.98213,35.1,604.8292,0.15,2,0.24,B
24.98213,35,576.59094,0.15,2,0.24,B
25.08213,35.3,347.7255,0.15,2,0.24,C
25.08213,35.2,535.3003,0.15,2,0.24,B
25.08213,35.1,568.9217,0.15,2,0.24,B
25.08213,35,657.8434,0.15,2,0.24,B
25.18213,35.3,535.6595,0.15,2,0.24,B
25.18213,35.2,604.05884,0.15,2,0.24,B
25.18213,35.1,429.72968,0.15,2,0.24,B
25.18213,35,840.05304,0.15,2,0.24,A
25.28213,35.3,526.22784,0.15,2,0.24,B
25.28213,35.2,361.5555,0.15,2,0.24,B
25.28213,35.1,452.433,0.15,2,0.24,B
25.28213,35,725.15076,0.15,2,0.24,B
25.38213,35.3,777.1407,0.15,2,0.24,B
25.38213,35.2,524.33014,0.15,2,0.24,B
25.38213,35.1,598.5712,0.15,2,0.24,B
25.38213,35,791.6475,0.15,2,0.24,B
25.48213,35.2,574.15045,0.15,2,0.24,B
25.48213,35.1,860.77515,0.15,2,0.24,A
25.48213,35,845.59784,0.15,2,0.24,A
25.58213,35.3,619.3266,0.15,2,0.24,B
25.58213,35.2,840.1427,0.15,2,0.24,A
25.58213,35.1,750.9302,0.15,2,0.24,B
25.68213,35.3,586.7678,0.15,2,0.24,B
25.68213,35.2,401.2011,0.15,2,0.24,B
25.68213,35.1,674.70654,0.15,2,0.24,B
25.78213,35.1,869.8488,0.15,2,0.24,A
25.88213,35.1,900,0.15,2,0.24,A
25.98213,35.1,741.0851,0.15,2,0.24,B
26.08213,35.2,437.17337,0.15,2,0.24,B
26.08213,35.1,622.0249,0.15,2,0.24,B
26.18213,35.2,575.5634,0.15,2,0.24,B
26.18213,35.1,488.16882,0.15,2,0.24,B
26.98213,35.4,866.2387,0.15,2,0.24,A
27.08213,35.6,514.2704,0.15,2,0.24,B
27.18213,36.6,674.5718,0.15,2,0.24,B
27.18213,35.8,710.0373,0.15,2,0.24,B
27.18213,35.7,726.2261,0.15,2,0.24,B
27.18213,35.5,574.7155,0.15,2,0.24,B
27.38213,36.4,661.63,0.15,2,0.24,B
27.78213,36.6,621.4978,0.15,2,0.24,B
27.78213,36.2,686.6484,0.15,2,0.24,B
27.78213,36.1,481.82376,0.15,2,0.24,B
27.78213,36,513.57715,0.15,2,0.24,B
27.78213,35.9,389.5776,0.15,2,0.24,B
27.88213,36.3,558.4868,0.15,2,0.24,B
27.88213,36.2,887.91797,0.15,2,0.24,A
27.88213,36.1,445.1787,0.15,2,0.24,B
27.88213,36,447.9971,0.15,2,0.24,B
27.98213,36.3,462.68143,0.15,2,0.24,B
27.98213,36.2,392.37256,0.15,2,0.24,B
27.98213,36.1,574.6296,0.15,2,0.24,B
28.08213,36.4,558.62897,0.15,2,0.24,B
28.08213,36.3,537.8162,0.15,2,0.24,B
28.08213,36.2,580.50964,0.15,2,0.24,B
28.08213,36.1,611.226,0.15,2,0.24,B
28.18213,36.4,467.9002,0.15,2,0.24,B
28.18213,36.3,439.16592,0.15,2,0.24,B
20.78213,38.9,284.73123,0.15,2,0.24,C
20.88213,38.9,572.2051,0.15,2,0.24,B
21.18213,37.9,408.97385,0.15,2,0.24,B
21.28213,37.9,215.13269,0.15,2,0.24,C
21.28213,37.8,239.54044,0.15,2,0.24,C
21.38213,37.8,390.5432,0.15,2,0.24,B
21.38213,37.7,266.284,0.15,2,0.24,C
21.48213,37.7,488.2791,0.15,2,0.24,B
21.48213,37.6,186.89893,0.15,2,0.24,C
21.58213,37.6,298.7263,0.15,2,0.24,C
21.58213,37.1,436.9264,0.15,2,0.24,B
21.68213,37.4,558.3463,0.15,2,0.24,B
21.68213,37.2,900,0.15,2,0.24,A
21.68213,37.1,392.21664,0.15,2,0.24,B
21.68213,37,435.2154,0.15,2,0.24,B
21.78213,37.3,441.6996,0.15,2,0.24,B
21.78213,37.2,712.1433,0.15,2,0.24,B
21.78213,37.1,661.6462,0.15,2,0.24,B
21.78213,37,663.1201,0.15,2,0.24,B
21.78213,36.9,459.7175,0.15,2,0.24,B
21.88213,37.3,682.05225,0.15,2,0.24,B
21.88213,37.2,534.201,0.15,2,0.24,B
21.88213,37.1,432.06082,0.15,2,0.24,B
21.88213,37,422.95398,0.15,2,0.24,B
21.88213,36.9,652.99023,0.15,2,0.24,B
21.88213,36.8,613.7325,0.15,2,0.24,B
21.98213,37.2,366.61932,0.15,2,0.24,B
21.98213,37.1,314.14124,0.15,2,0.24,C
22.08213,37.2,802.766,0.15,2,0.24,A
22.08213,37.1,900,0.15,2,0.24,A
22.18213,37.1,889.14233,0.15,2,0.24,A
22.18213,37,900,0.15,2,0.24,A
22.18213,36.9,790.19055,0.15,2,0.24,B
22.28213,37,717.3405,0.15,2,0.24,B
22.28213,36.9,900,0.15,2,0.24,A
22.38213,36.8,810.40137,0.15,2,0.24,A
23.68213,38,378.3197,0.15,2,0.24,B
23.78213,38.1,368.4673,0.15,2,0.24,B
23.88213,38.2,401.4373,0.15,2,0.24,B
24.48213,38.9,603.8542,0.15,2,0.24,B
24.58213,38.8,676.1048,0.15,2,0.24,B
24.68213,38.8,820.52966,0.15,2,0.24,A
24.98213,39.5,561.57056,0.15,2,0.24,B
25.48213,36.4,424.47498,0.15,2,0.24,B
23.08213,37.5,623.9153,0.15,2,0.24,B
23.18213,37.6,825,0.15,2,0.24,A
23.18213,37.5,684.56665,0.15,2,0.24,B
23.28213,37.5,773.7064,0.15,2,0.24,B
23.38213,37.6,786.4748,0.15,2,0.24,B
23.38213,37.5,429.8139,0.15,2,0.24,B
23.48213,38.1,549.05164,0.15,2,0.24,B
23.48213,38,565.3115,0.15,2,0.24,B
23.48213,37.9,533.13983,0.15,2,0.24,B
23.48213,37.7,672.5786,0.15,2,0.24,B
23.58213,38.2,381.06625,0.15,2,0.24,B
23.58213,38.1,553.13715,0.15,2,0.24,B
23.68213,38.2,595.7907,0.15,2,0.24,B
23.68213,38.1,630.4408,0.15,2,0.24,B
23.78213,38.3,434.18674,0.15,2,0.24,B
23.78213,38.2,573.6272,0.15,2,0.24,B
21.58213,38.4,494.31116,0.15,2,0.24,B
21.68213,38.5,745.0475,0.15,2,0.24,B
21.68213,38.4,627.3207,0.15,2,0.24,B
21.78213,38.5,900,0.15,2,0.24,A
21.78213,38.4,545.70795,0.15,2,0.24,B
21.78213,38.3,415.63593,0.15,2,0.24,B
21.78213,38.2,730.4779,0.15,2,0.24,B
21.88213,38.5,876.7251,0.15,2,0.24,A
21.88213,38.4,301.662,0.15,2,0.24,C
21.88213,38.3,563.48267,0.15,2,0.24,B
21.88213,38.2,840.5979,0.15,2,0.24,A
21.88213,38.1,532.8308,0.15,2,0.24,B
21.98213,38.5,680.5064,0.15,2,0.24,B
21.98213,38.4,789.78406,0.15,2,0.24,B
21.98213,38.3,677.7295,0.15,2,0.24,B
21.98213,38.2,710.88763,0.15,2,0.24,B
21.98213,38.1,666.9495,0.15,2,0.24,B
22.08213,38.5,849.20026,0.15,2,0.24,A
22.08213,38.4,900,0.15,2,0.24,A
22.08213,38.2,830.26807,0.15,2,0.24,A
22.08213,38.1,859.5415,0.15,2,0.24,A
22.18213,38.5,854.2381,0.15,2,0.24,A
22.18213,38.4,810.17285,0.15,2,0.24,A
22.18213,38.2,458.57422,0.15,2,0.24,B
22.18213,38.1,758.16925,0.15,2,0.24,B
22.28213,38.5,788.4779,0.15,2,0.24,B
22.28213,38.4,803.51794,0.15,2,0.24,A
22.28213,38.1,886.93353,0.15,2,0.24,A
22.38213,38.5,835.2114,0.15,2,0.24,A
22.38213,38.1,900,0.15,2,0.24,A
22.48213,38.5,900,0.15,2,0.24,A
22.48213,38.4,895.0127,0.15,2,0.24,A
22.48213,38.1,831.6446,0.15,2,0.24,A
22.58213,38.5,900,0.15,2,0.24,A
22.58213,38.4,725.73303,0.15,2,0.24,B
22.58213,38.3,691.06903,0.15,2,0.24,B
22.58213,38,744.99176,0.15,2,0.24,B
22.68213,38.5,900,0.15,2,0.24,A
22.68213,38.4,654.99554,0.15,2,0.24,B
22.68213,38,563.8572,0.15,2,0.24,B
22.78213,38.3,829.56885,0.15,2,0.24,A
22.88213,37.9,643.93384,0.15,2,0.24,B
22.98213,38,833.4414,0.15,2,0.24,A
22.98213,37.9,350.06238,0.15,2,0.24,C
23.08213,38.2,767.7396,0.15,2,0.24,B
23.08213,38,587.61914,0.15,2,0.24,B
23.18213,38.2,888.20624,0.15,2,0.24,A
23.18213,38,854.45276,0.15,2,0.24,A
23.28213,38.2,860.70654,0.15,2,0.24,A
23.28213,38.1,889.91223,0.15,2,0.24,A
25.78213,36.8,563.88873,0.15,2,0.24,B
25.88213,36.8,822.6517,0.15,2,0.24,A
25.98213,36.9,621.9741,0.15,2,0.24,B
26.48213,37,377.05896,0.15,2,0.24,B
20.88213,38.6,544.1611,0.23,3,0.36,B
20.98213,38.7,584.13336,0.23,3,0.36,B
20.38213,38.2,780.8033,0.23,3,0.36,B
20.48213,38.3,710.7627,0.23,3,0.36,B
20.58213,38.7,886.20605,0.23,3,0.36,A
20.58213,38.4,606.53436,0.23,3,0.36,B
20.58213,38.3,694.89453,0.23,3,0.36,B
20.58213,38.2,686.3514,0.23,3,0.36,B
20.68213,38.8,633.12823,0.23,3,0.36,B
20.68213,38.7,900,0.23,3,0.36,A
20.68213,38.4,900,0.23,3,0.36,A
20.68213,38.2,817.88983,0.23,3,0.36,A
20.68213,38.1,900,0.23,3,0.36,A
20.68213,37.9,764.9854,0.23,3,0.36,B
20.68213,37.8,662.0174,0.23,3,0.36,B
20.78213,38.8,710.4252,0.23,3,0.36,B
20.78213,38.1,488.6185,0.23,3,0.36,B
20.78213,37.8,531.0441,0.23,3,0.36,B
20.78213,37.7,562.4249,0.23,3,0.36,B
20.88213,38.8,468.97516,0.23,3,0.36,B
20.88213,37.8,357.50278,0.23,3,0.36,C
