lon,lat,slope,geology,vs30
23.68213,41.4,0.2571632,PRECAMBRIAN,840.8712
23.68213,41.3,0.22520012,JURASSIC-TRIASSIC,821.89294
23.78213,41.4,0.13535598,PRECAMBRIAN,730.4332
23.78213,41.3,0.15730959,PRECAMBRIAN,709.0732
23.78213,41.2,0.35003406,PRECAMBRIAN,900
23.88213,41.4,0.02028818,PRECAMBRIAN,373.00876
23.88213,41.3,0.033396553,PRECAMBRIAN,578.1189
23.88213,41.2,0.028196093,CRETACEOUS,422.80508
23.98213,41.4,0.05060298,PRECAMBRIAN,595.0205
23.98213,41.3,0.11507655,PRECAMBRIAN,622.7987
23.98213,41.2,0.25250623,PRECAMBRIAN,900
23.98213,40.8,0.08951373,CRETACEOUS,633.0263
24.08213,41.5,0.16612089,PRECAMBRIAN,819.9779
24.08213,41.4,0.041935705,PRECAMBRIAN,488.584
24.08213,41.3,0.15866616,PRECAMBRIAN,800.4471
24.08213,41.2,0.09308658,PRECAMBRIAN,770.44714
24.08213,41.1,0.004375733,PLEISTOCENE,253.61803
24.08213,40.9,0.25954026,PRECAMBRIAN,900
24.08213,40.8,0.09132334,PLEISTOCENE,538.03687
24.18213,41.5,0.04237313,PRECAMBRIAN,529.4243
24.18213,41.4,0.09125998,PRECAMBRIAN,572.8491
24.18213,41.3,0.09966939,PRECAMBRIAN,736.5813
24.18213,41.2,0.07112343,PRECAMBRIAN,445.038
24.18213,41.1,0.009056774,CRETACEOUS,293.13455
24.18213,41,0.003844227,PLEISTOCENE,236.41534
24.18213,40.9,0.2309243,PRECAMBRIAN,900
24.18213,40.8,0.07848336,JURASSIC-TRIASSIC,567.7214
24.28213,41.5,0.10636246,PRECAMBRIAN,596.47
24.28213,41.4,0.124586076,PRECAMBRIAN,626.90466
24.28213,41.3,0.09271798,PRECAMBRIAN,712.8143
24.28213,41.2,0.06717012,PRECAMBRIAN,660.9562
24.28213,41.1,0.017901862,CRETACEOUS,373.9489
24.28213,41,0.009051273,PLEISTOCENE,294.30008
24.28213,40.9,0.10099228,PRECAMBRIAN,610.6506
24.38213,41.5,0.18695158,PRECAMBRIAN,900
24.38213,41.4,0.105916575,PRECAMBRIAN,752.32745
24.38213,41.3,0.044428132,PRECAMBRIAN,506.51123
24.38213,41.2,0.04760281,PRECAMBRIAN,460.86578
24.38213,41.1,0.1789222,PRECAMBRIAN,825.0835
24.38213,41,0.08411956,PLEISTOCENE,525.2214
24.48213,41.5,0.21696599,PRECAMBRIAN,899.4532
24.48213,41.4,0.15672109,PRECAMBRIAN,728.4083
24.48213,41.3,0.122495264,PRECAMBRIAN,595.10565
24.48213,41.2,0.25855595,PRECAMBRIAN,836.4115
24.48213,41.1,0.10480838,PRECAMBRIAN,648.7652
24.48213,41,0.15101382,PRECAMBRIAN,789.1353
24.58213,41.4,0.21271074,PRECAMBRIAN,810.1804
24.58213,41.3,0.17312005,PRECAMBRIAN,741.18
24.58213,41.2,0.23613842,PRECAMBRIAN,898.33923
24.58213,41.1,0.14696185,PRECAMBRIAN,608.18
24.58213,41,0.15254891,PRECAMBRIAN,761.3942
24.58213,40.7,0.26293504,PRECAMBRIAN,900
24.68213,41.4,0.109766155,CRETACEOUS,655.8339
24.68213,41.3,0.06606485,CRETACEOUS,538.07196
24.68213,41.2,0.11342555,PLEISTOCENE,619.7152
24.68213,41.1,0.05967122,PRECAMBRIAN,838.6632
24.68213,41,0.010356469,PLEISTOCENE,307.76718
24.68213,40.9,0.001618777,PLEISTOCENE,217.49792
24.68213,40.7,0.121417046,PRECAMBRIAN,774.03674
24.68213,40.6,0.08633461,PRECAMBRIAN,590.86145
24.78213,41.3,0.19989836,PRECAMBRIAN,747.3596
24.78213,41.2,0.24227697,PRECAMBRIAN,898.5292
24.78213,41.1,0.18289222,PRECAMBRIAN,814.5335
24.78213,41,0.002158369,PLEISTOCENE,220.38246
24.78213,40.9,0.004796625,PLEISTOCENE,234.22244
24.88213,41.3,0.18420623,CRETACEOUS,736.62115
24.88213,41.2,0.16219628,PRECAMBRIAN,779.34875
24.88213,41.1,0.014677253,PLEISTOCENE,343.84076
24.88213,41,0.011059318,PLEISTOCENE,304.95496
24.98213,41.3,0.082052164,PRECAMBRIAN,619.3003
24.98213,41.2,0.032561097,PRECAMBRIAN,584.9123
24.98213,41.1,0.003045283,PLEISTOCENE,237.54099
24.98213,41,0.018471114,CRETACEOUS,362.01895
25.08213,41.3,0.049245518,PRECAMBRIAN,571.9193
25.08213,41.2,0.0790779,PRECAMBRIAN,577.03076
25.08213,41.1,0.009847091,PLEISTOCENE,299.58328
25.18213,41.3,0.079133645,CRETACEOUS,655.47736
25.18213,41.2,0.0510307,PRECAMBRIAN,518.9286
25.18213,41.1,0.002590319,PLEISTOCENE,228.70444
25.18213,41,0.018749477,CRETACEOUS,416.06058
25.28213,41.2,0.08027146,PRECAMBRIAN,786.7868
25.28213,41.1,0.004430057,PLEISTOCENE,253.76408
25.28213,41,0.007588056,CRETACEOUS,287.96472
25.38213,41.2,0.19507186,PRECAMBRIAN,840.81177
25.38213,41.1,0.003290171,PLEISTOCENE,236.70921
25.38213,41,0.005806649,PLEISTOCENE,263.945
25.48213,41.2,0.048298363,PRECAMBRIAN,558.6254
25.48213,41.1,0.012746205,CRETACEOUS,332.26642
25.48213,41,0.05984088,PLEISTOCENE,504.21335
25.48213,40.9,0.025319349,CRETACEOUS,387.43414
25.58213,41.3,0.09390909,PRECAMBRIAN,658.24066
25.58213,41.2,0.024974445,PRECAMBRIAN,450.11426
25.58213,41.1,0.011906229,PLEISTOCENE,294.6258
25.58213,41,0.003315569,PLEISTOCENE,282.85938
25.58213,40.9,0.057760675,CRETACEOUS,507.0682
25.68213,41.3,0.14656793,PRECAMBRIAN,620.10077
25.68213,41.2,0.06244715,PRECAMBRIAN,597.5875
25.68213,41.1,0.004827187,PLEISTOCENE,277.61356
25.68213,41,0.022691138,CRETACEOUS,386.42654
25.78213,41.3,0.074401475,PRECAMBRIAN,484.9754
25.78213,41.2,0.18328504,PRECAMBRIAN,793.73175
25.78213,41.1,0.030167833,CRETACEOUS,514.2256
25.78213,41,0.08128061,CRETACEOUS,525.8215
25.88213,41.3,0.050675232,PRECAMBRIAN,652.09424
25.88213,41.2,0.049775906,PRECAMBRIAN,581.95685
25.88213,41.1,0.025250196,PRECAMBRIAN,454.62183
25.88213,41,0.06412821,CRETACEOUS,510.5136
25.98213,41.3,0.13142638,PRECAMBRIAN,597.57477
25.98213,41.2,0.07790688,PRECAMBRIAN,607.8813
25.98213,41.1,0.11342936,PRECAMBRIAN,679.33044
25.98213,41,0.033940215,CRETACEOUS,439.7842
26.08213,41.7,0.11720859,CRETACEOUS,589.4334
26.08213,41.3,0.011690022,PRECAMBRIAN,415.27618
26.08213,41.2,0.023458358,PRECAMBRIAN,460.31512
26.08213,41.1,0.0689565,PRECAMBRIAN,504.96985
26.08213,41,0.033178113,PRECAMBRIAN,450.61517
26.18213,41.7,0.015303942,CRETACEOUS,343.48062
26.18213,41.6,0.058473755,JURASSIC-TRIASSIC,531.6482
26.18213,41.5,0.011233639,CRETACEOUS,349.09006
26.18213,41.4,0.05229802,CRETACEOUS,511.4822
26.18213,41.3,0.068543285,CRETACEOUS,488.13184
26.18213,41.2,0.050193116,PRECAMBRIAN,461.57864
26.18213,41.1,0.05949603,CRETACEOUS,468.09088
26.18213,41,0.031223994,PRECAMBRIAN,425.72757
26.28213,41.7,0.005750799,PLEISTOCENE,281.88666
26.28213,41.6,0.005626071,PLEISTOCENE,264.5237
26.28213,41.5,0.033791184,CRETACEOUS,428.61676
26.28213,41.4,0.032487653,CRETACEOUS,420.8499
26.28213,41.3,0.071354456,JURASSIC-TRIASSIC,506.51605
26.28213,41.2,0.027939327,PRECAMBRIAN,359.75055
26.28213,41.1,0.07683998,CRETACEOUS,524.49316
26.28213,41,0.003446763,PLEISTOCENE,258.84586
26.38213,41.6,0.001298221,PLEISTOCENE,246.73074
26.38213,41.5,0.038146727,CRETACEOUS,414.65308
26.38213,41.4,0.001296985,PLEISTOCENE,284.9665
26.38213,41.3,0.026507491,PRECAMBRIAN,362.65942
26.48213,41.6,0.011765881,PLEISTOCENE,300.9268
26.48213,41.5,0.007340176,PLEISTOCENE,303.2201
26.48213,41.4,0.036514547,CRETACEOUS,430.74503
26.58213,41.6,0.001772337,PLEISTOCENE,216.03682
26.58213,41.5,0.001079185,PLEISTOCENE,198.01407
26.58213,41.4,0.038031425,CRETACEOUS,376.7951
25.68213,40.9,0.027500408,PRECAMBRIAN,419.85242
25.78213,40.9,0.08634439,PRECAMBRIAN,585.03033
25.88213,40.9,0.10306691,CRETACEOUS,622.2613
25.98213,40.9,0.015109663,CRETACEOUS,355.3339
26.08213,40.9,0.03950117,CRETACEOUS,426.62698
26.08213,40.8,0.000712853,PLEISTOCENE,191.20421
26.18213,40.9,0.03132169,CRETACEOUS,407.7043
26.28213,40.9,0.001079185,PLEISTOCENE,203.10474
21.08213,40.2,0.1028507,CRETACEOUS,657.2567
21.08213,40.1,0.038353987,JURASSIC-TRIASSIC,496.1115
21.08213,40,0.27000046,JURASSIC-TRIASSIC,884.05634
21.18213,40.3,0.097730905,CRETACEOUS,575.0459
21.18213,40.2,0.09307917,CRETACEOUS,548.3538
21.18213,40.1,0.06705394,CRETACEOUS,594.6101
21.18213,40,0.10521285,JURASSIC-TRIASSIC,614.721
21.18213,39.9,0.0949345,JURASSIC-TRIASSIC,656.4142
21.18213,39.7,0.18130846,JURASSIC-TRIASSIC,802.48956
21.28213,40.3,0.026053375,CRETACEOUS,434.75583
21.28213,40.2,0.06438257,CRETACEOUS,540.4205
21.28213,40.1,0.06130986,CRETACEOUS,489.8016
21.28213,40,0.18967664,JURASSIC-TRIASSIC,760.1942
21.28213,39.9,0.04188912,CRETACEOUS,550.7056
21.28213,39.8,0.09985887,JURASSIC-TRIASSIC,750.6114
21.28213,39.7,0.1630198,JURASSIC-TRIASSIC,625.1178
21.28213,39.6,0.048714478,JURASSIC-TRIASSIC,634.8927
21.28213,39.5,0.4152701,JURASSIC-TRIASSIC,900
21.28213,39.4,0.3216732,CRETACEOUS,799.6049
21.38213,40.3,0.03216554,CRETACEOUS,437.80533
21.38213,40.2,0.05932679,CRETACEOUS,509.12436
21.38213,40.1,0.053883452,CRETACEOUS,457.5412
21.38213,40,0.056447383,CRETACEOUS,469.4247
21.38213,39.9,0.11262401,CRETACEOUS,625.6124
21.38213,39.8,0.27857238,JURASSIC-TRIASSIC,900
21.38213,39.7,0.22459969,CRETACEOUS,900
21.38213,39.6,0.27316853,JURASSIC-TRIASSIC,795.71704
21.38213,39.5,0.3158208,JURASSIC-TRIASSIC,900
21.38213,39.4,0.13258694,JURASSIC-TRIASSIC,722.099
21.48213,40.4,0.21031772,PRECAMBRIAN,839.4275
21.48213,40.3,0.01556609,PLEISTOCENE,352.53864
21.48213,40.2,0.016335024,CRETACEOUS,346.68195
21.48213,40.1,0.043089263,CRETACEOUS,398.06638
21.48213,40,0.012989128,CRETACEOUS,339.8176
21.48213,39.9,0.05467345,CRETACEOUS,532.56757
21.48213,39.8,0.07216732,JURASSIC-TRIASSIC,575.8919
21.48213,39.7,0.16786812,JURASSIC-TRIASSIC,900
21.48213,39.6,0.31323174,PLEISTOCENE,845.8338
21.48213,39.5,0.07286893,JURASSIC-TRIASSIC,516.81323
21.48213,39.4,0.29090884,JURASSIC-TRIASSIC,800.1681
21.58213,40.8,0.024789141,CENOZOIC,405.15662
21.58213,40.7,0.053565428,JURASSIC-TRIASSIC,461.28116
21.58213,40.6,0.000710716,PLEISTOCENE,414.83438
21.58213,40.5,0.038792413,PLEISTOCENE,438.04614
21.58213,40.4,0.3035805,JURASSIC-TRIASSIC,900
21.58213,40.3,0.067092516,JURASSIC-TRIASSIC,663.8
21.58213,40.2,0.080959305,CRETACEOUS,571.9446
21.58213,40.1,0.061207518,JURASSIC-TRIASSIC,523.1466
21.58213,40,0.07828835,CRETACEOUS,599.7212
21.58213,39.9,0.034483567,CRETACEOUS,420.48672
21.58213,39.8,0.08545893,CRETACEOUS,608.4339
21.58213,39.7,0.06839246,PLEISTOCENE,537.4413
21.58213,39.6,0.16692056,JURASSIC-TRIASSIC,867.99554
21.58213,39.5,0.35875985,JURASSIC-TRIASSIC,900
21.68213,40.9,0.15071745,PRECAMBRIAN,677.7921
21.68213,40.8,0.10063337,JURASSIC-TRIASSIC,598.31067
21.68213,40.7,0.005171109,PLEISTOCENE,361.98746
21.68213,40.6,0.03446842,CENOZOIC,436.18
21.68213,40.5,0.007334364,PLEISTOCENE,271.06134
21.68213,40.4,0.01622834,CRETACEOUS,370.9355
21.68213,40.3,0.1154478,PLEISTOCENE,563.6334
21.68213,40.2,0.068586476,JURASSIC-TRIASSIC,621.2719
21.68213,40.1,0.032498285,CRETACEOUS,413.95575
21.68213,40,0.07850888,CRETACEOUS,569.38995
21.68213,39.9,0.060191125,CRETACEOUS,503.40875
21.68213,39.8,0.07153975,CRETACEOUS,555.4598
21.68213,39.7,0.099530846,PLEISTOCENE,570.4706
21.68213,39.6,0.003859547,PLEISTOCENE,248.67635
21.68213,39.5,0.009400418,PLEISTOCENE,292.35635
21.78213,40.9,0.1845997,PRECAMBRIAN,895.49457
21.78213,40.8,0.13809651,JURASSIC-TRIASSIC,750.78064
21.78213,40.7,0.108376056,PLEISTOCENE,606.2416
21.78213,40.6,0.1414342,JURASSIC-TRIASSIC,745.5918
21.78213,40.5,0.04927894,PLEISTOCENE,458.35657
21.78213,40.4,0.023882745,PLEISTOCENE,385.69638
21.78213,40.3,0.08254585,JURASSIC-TRIASSIC,504.75455
21.78213,40.2,0.025288932,CRETACEOUS,429.2418
21.78213,40.1,0.07975827,CRETACEOUS,556.9466
21.78213,40,0.083578944,JURASSIC-TRIASSIC,576.71063
21.78213,39.9,0.041684728,PRECAMBRIAN,470.14807
21.78213,39.8,0.05840817,PRECAMBRIAN,487.59018
21.78213,39.7,0.04005587,CRETACEOUS,537.6494
21.78213,39.6,0.045890827,CRETACEOUS,392.73895
21.78213,39.5,0.001499147,PLEISTOCENE,218.92319
21.88213,41,0.18166468,JURASSIC-TRIASSIC,900
21.88213,40.9,0.07381622,JURASSIC-TRIASSIC,671.61523
21.88213,40.8,0.069090314,JURASSIC-TRIASSIC,518.6705
21.88213,40.7,0.032019198,JURASSIC-TRIASSIC,441.08984
21.88213,40.6,0.14246601,JURASSIC-TRIASSIC,777.6966
21.88213,40.5,0.15518159,JURASSIC-TRIASSIC,798.341
21.88213,40.4,0.021709267,PLEISTOCENE,368.99487
21.88213,40.3,0.04874129,CRETACEOUS,445.04138
21.88213,40.2,0.05157767,CRETACEOUS,450.3618
21.88213,40.1,0.13919686,PRECAMBRIAN,733.6049
21.88213,40,0.114899516,PRECAMBRIAN,605.6908
21.88213,39.9,0.06151755,PRECAMBRIAN,506.23285
21.88213,39.8,0.10248019,PRECAMBRIAN,558.22363
21.88213,39.7,0.040107418,PRECAMBRIAN,492.0794
21.88213,39.6,0.121089205,PALEOZOIC,730.24835
21.98213,41.1,0.082171075,CRETACEOUS,649.04944
21.98213,41,0.16000952,PLEISTOCENE,824.0521
21.98213,40.9,0.09383832,JURASSIC-TRIASSIC,634.81775
21.98213,40.8,0.047505524,JURASSIC-TRIASSIC,548.8112
21.98213,40.7,0.115315355,JURASSIC-TRIASSIC,725.0529
21.98213,40.6,0.09687009,JURASSIC-TRIASSIC,675.1372
21.98213,40.5,0.009334195,JURASSIC-TRIASSIC,385.57086
21.98213,40.4,0.14569177,JURASSIC-TRIASSIC,750.89355
21.98213,40.3,0.10045392,JURASSIC-TRIASSIC,657.2111
21.98213,40.2,0.020275025,PLEISTOCENE,377.50153
21.98213,40.1,0.07870709,JURASSIC-TRIASSIC,525.2925
21.98213,40,0.069353305,PRECAMBRIAN,443.737
21.98213,39.9,0.19318052,CRETACEOUS,765.07837
21.98213,39.8,0.057280697,PRECAMBRIAN,609.90045
21.98213,39.7,0.12362304,PRECAMBRIAN,798.0858
21.98213,39.6,0.003527561,PLEISTOCENE,272.06052
22.08213,41.1,0.12841561,JURASSIC-TRIASSIC,698.8082
22.08213,41,0.008848279,PLEISTOCENE,294.20062
22.08213,40.9,0.039419144,CENOZOIC,406.2919
22.08213,40.8,0.10422767,JURASSIC-TRIASSIC,611.489
22.08213,40.7,0.05807948,JURASSIC-TRIASSIC,500.70972
22.08213,40.6,0.06541319,JURASSIC-TRIASSIC,597.4053
22.08213,40.5,0.22819805,JURASSIC-TRIASSIC,885.4076
22.08213,40.4,0.10070018,JURASSIC-TRIASSIC,674.4105
22.08213,40.3,0.20883028,PRECAMBRIAN,804.52405
22.08213,40.2,0.20070432,JURASSIC-TRIASSIC,892.82434
22.08213,40.1,0.13513803,PRECAMBRIAN,646.77515
22.08213,40,0.051310156,CRETACEOUS,475.34348
22.08213,39.9,0.024050599,PLEISTOCENE,481.62955
22.08213,39.8,0.005935516,PLEISTOCENE,259.38965
22.08213,39.7,0.027780741,PRECAMBRIAN,445.36252
22.08213,39.6,0.0771557,PRECAMBRIAN,671.75635
22.18213,41.1,0.26231176,JURASSIC-TRIASSIC,896.5344
22.18213,41,0.21673454,PLEISTOCENE,801.90936
22.18213,40.9,0.058074437,CENOZOIC,510.44684
22.18213,40.8,0.00268214,PLEISTOCENE,228.60574
22.18213,40.7,0.007611985,PLEISTOCENE,287.06512
22.18213,40.6,0.013755027,PLEISTOCENE,330.36282
22.18213,40.5,0.03678862,CRETACEOUS,492.22992
22.18213,40.4,0.27771863,PRECAMBRIAN,900
22.18213,40.3,0.2639434,PALEOZOIC,900
22.18213,40.2,0.2908106,JURASSIC-TRIASSIC,879.0146
22.18213,40.1,0.11221328,PRECAMBRIAN,644.9755
22.18213,40,0.018898865,PLEISTOCENE,387.60843
22.18213,39.9,0.047555104,PRECAMBRIAN,462.4889
22.18213,39.8,0.04585816,PRECAMBRIAN,516.8336
22.18213,39.7,0.09591297,PLEISTOCENE,521.09705
22.18213,39.6,0.124556355,JURASSIC-TRIASSIC,670.1003
22.28213,41.1,0.07520694,JURASSIC-TRIASSIC,569.64984
22.28213,41,0.018660659,JURASSIC-TRIASSIC,408.78616
22.28213,40.9,0.32587066,JURASSIC-TRIASSIC,823.7852
22.28213,40.8,0.001788093,PLEISTOCENE,224.69153
22.28213,40.7,0.001292777,PLEISTOCENE,212.61548
22.28213,40.6,0.001079185,PLEISTOCENE,205.81346
22.28213,40.5,0.006475108,PLEISTOCENE,333.3416
22.28213,40.4,0.085583664,JURASSIC-TRIASSIC,594.51544
22.28213,40.3,0.12455384,JURASSIC-TRIASSIC,727.21765
22.28213,40.2,0.18190539,PRECAMBRIAN,873.95764
22.28213,40.1,0.24104637,PRECAMBRIAN,900
22.28213,40,0.12667869,PRECAMBRIAN,736.58984
22.28213,39.9,0.11213334,PRECAMBRIAN,693.2274
22.28213,39.8,0.12699959,PLEISTOCENE,684.122
22.38213,41.1,0.09769543,JURASSIC-TRIASSIC,668.82825
22.38213,41,0.19852023,JURASSIC-TRIASSIC,849.56384
22.38213,40.9,0.18613677,JURASSIC-TRIASSIC,824.9864
22.38213,40.8,0.028916465,PLEISTOCENE,409.92456
22.38213,40.7,0,PLEISTOCENE,183.96927
22.38213,40.6,0.001079185,PLEISTOCENE,207.82304
22.38213,40.5,0.017933367,PLEISTOCENE,365.8064
22.38213,40.4,0.041380722,CRETACEOUS,478.29706
22.38213,40.3,0.030159544,CRETACEOUS,402.96313
22.38213,40.2,0.060499083,PLEISTOCENE,500.7179
22.38213,40.1,0.38222396,JURASSIC-TRIASSIC,900
22.38213,40,0.2077445,CRETACEOUS,889.4695
22.38213,39.9,0.23070934,PRECAMBRIAN,899.9174
22.38213,39.8,0.044615544,PLEISTOCENE,457.37665
22.48213,41.1,0.04395121,JURASSIC-TRIASSIC,478.3582
22.48213,41,0.033644535,JURASSIC-TRIASSIC,486.9869
22.48213,40.9,0.014155274,PLEISTOCENE,422.7577
22.48213,40.8,0.027612552,CRETACEOUS,393.3471
22.48213,40.7,0,PLEISTOCENE,195.19121
22.48213,40.6,0.000892343,PLEISTOCENE,190.28671
22.48213,40.5,0.02192267,CRETACEOUS,435.06403
22.48213,40.4,0.041361336,CRETACEOUS,428.06818
22.48213,40.3,0.022610592,PLEISTOCENE,398.21814
22.48213,40.2,0.007846125,PLEISTOCENE,293.94482
22.48213,40.1,0.28779545,JURASSIC-TRIASSIC,864.7307
22.48213,40,0.28558505,PRECAMBRIAN,812.91
22.48213,39.9,0.32378298,PRECAMBRIAN,900
22.58213,41.1,0.008663125,JURASSIC-TRIASSIC,333.37482
22.58213,41,0.027389765,CRETACEOUS,439.07217
22.58213,40.9,0.005736871,PLEISTOCENE,271.7882
22.58213,40.8,0.02212478,PLEISTOCENE,359.00702
22.58213,40.7,0.001079185,PLEISTOCENE,211.02252
22.58213,40.6,0.000710716,PLEISTOCENE,196.25533
22.58213,40.5,0.0057789,PLEISTOCENE,262.7732
22.58213,40.4,0.02577392,PLEISTOCENE,384.78583
22.58213,40.3,0.006057941,PLEISTOCENE,268.8064
22.58213,40,0.15356174,JURASSIC-TRIASSIC,796.5897
22.68213,41.1,0.09008046,JURASSIC-TRIASSIC,544.26263
22.68213,41,0.02773082,PLEISTOCENE,397.16113
22.68213,40.9,0.014018135,PLEISTOCENE,325.42673
22.68213,40.8,0.03718119,CRETACEOUS,433.86346
22.68213,40.7,0.000893193,PLEISTOCENE,197.204
22.68213,40.6,0.001292191,PLEISTOCENE,206.05305
22.78213,41.3,0.2602675,PRECAMBRIAN,870.23193
22.78213,41.2,0.010157986,PLEISTOCENE,381.35892
22.78213,41.1,0.006514586,PLEISTOCENE,314.5172
22.78213,41,0.006973867,PLEISTOCENE,288.23492
22.78213,40.9,0.035602663,PLEISTOCENE,451.8219
22.78213,40.8,0.0324169,CRETACEOUS,448.776
22.88213,41.3,0.13383752,PLEISTOCENE,743.8723
22.88213,41.2,0.07331586,PRECAMBRIAN,636.9237
22.88213,41.1,0.028011171,PRECAMBRIAN,429.6218
22.88213,41,0.019214155,CENOZOIC,334.5052
22.88213,40.9,0.011758636,CRETACEOUS,321.573
22.98213,41.3,0.19741607,PRECAMBRIAN,892.6283
22.98213,41.2,0.070928685,PRECAMBRIAN,630.0382
22.98213,41.1,0.019501623,PALEOZOIC,367.66232
22.98213,41,0.0457735,PRECAMBRIAN,489.0121
23.08213,41.3,0.35043702,PRECAMBRIAN,900
23.08213,41.2,0.048762135,PRECAMBRIAN,482.02234
23.08213,41.1,0.11224405,PRECAMBRIAN,566.28107
23.18213,41.3,0.33536467,PRECAMBRIAN,900
23.18213,41.2,0.000717193,PLEISTOCENE,401.11386
23.18213,41.1,0.099344246,PRECAMBRIAN,652.04315
23.28213,41.3,0.16821991,PRECAMBRIAN,784.89813
23.28213,41.2,0.001795022,PLEISTOCENE,225.00256
23.28213,41.1,0.005204499,PLEISTOCENE,266.06384
23.28213,41,0.066575244,PRECAMBRIAN,542.6259
23.38213,41.3,0.1205019,PRECAMBRIAN,732.9933
23.38213,41.2,0.025838576,PLEISTOCENE,404.6352
23.38213,41.1,0.001618777,PLEISTOCENE,215.43037
23.38213,41,0.010905396,CRETACEOUS,312.67896
23.38213,40.9,0.0960848,PRECAMBRIAN,658.4231
23.48213,41.3,0.0753822,CRETACEOUS,519.0054
23.48213,41.2,0.1612166,JURASSIC-TRIASSIC,663.3203
23.48213,41.1,0.036630888,PLEISTOCENE,424.38855
23.48213,41,0.000715012,PLEISTOCENE,190.31905
23.48213,40.9,0.04482569,CRETACEOUS,478.62097
23.58213,41.3,0.102968596,JURASSIC-TRIASSIC,649.147
23.58213,41.2,0.13084684,JURASSIC-TRIASSIC,644.9143
23.58213,41.1,0.08205464,CRETACEOUS,579.2587
23.58213,41,0.000539592,PLEISTOCENE,197.83527
23.58213,40.9,0.017918985,PLEISTOCENE,377.0756
23.68213,41.2,0.38454384,PRECAMBRIAN,900
23.68213,41.1,0.12025973,CRETACEOUS,674.9214
23.68213,41,0.007170452,PLEISTOCENE,284.1407
23.68213,40.9,0.010830605,CRETACEOUS,303.141
23.68213,40.8,0.08799976,PRECAMBRIAN,649.7247
23.78213,41.1,0.09596047,PRECAMBRIAN,706.2539
23.78213,41,0.021599555,PLEISTOCENE,386.72586
23.78213,40.9,0.005062415,PLEISTOCENE,263.72015
23.78213,40.8,0.016149042,PALEOZOIC,449.49918
23.88213,41.1,0.14047517,PRECAMBRIAN,814.409
23.88213,41,0.05682598,CRETACEOUS,510.374
23.88213,40.9,0.03830099,CRETACEOUS,432.1751
23.88213,40.8,0.09683852,PLEISTOCENE,623.58765
23.98213,41.1,0.022081066,CRETACEOUS,372.54938
23.98213,41,0.061790165,CRETACEOUS,493.84875
23.98213,40.9,0.21317872,PRECAMBRIAN,872.01434
24.08213,41,0.027587086,PLEISTOCENE,404.35416
25.08213,39.9,0.051905494,CRETACEOUS,557.7844
25.18213,39.9,0.050771154,CRETACEOUS,485.01266
25.28213,39.9,0.017648518,CRETACEOUS,356.67236
25.38213,40,0.023651091,CRETACEOUS,398.08728
25.58213,40.5,0.094331816,PRECAMBRIAN,672.38385
25.58213,40.4,0.16182981,CRETACEOUS,799.0374
25.58213,38.6,0.13578366,PRECAMBRIAN,693.91046
25.88213,39.2,0.040751904,CRETACEOUS,416.5789
25.88213,38.5,0.0702367,PLEISTOCENE,537.9589
25.98213,39.2,0.113632314,CRETACEOUS,631.30554
25.98213,38.5,0.047649078,PLEISTOCENE,547.48645
25.98213,38.4,0.20732081,JURASSIC-TRIASSIC,847.96075
25.98213,38.3,0.07756347,JURASSIC-TRIASSIC,580.6616
25.98213,38.2,0.020628305,JURASSIC-TRIASSIC,428.86414
26.08213,39.3,0.09496313,UNKNOWN,623.9302
26.08213,39.2,0.16104144,CRETACEOUS,763.79346
26.08213,39.1,0.07837862,CRETACEOUS,575.36255
26.08213,38.5,0.14818302,JURASSIC-TRIASSIC,637.07666
26.08213,38.4,0.015143445,JURASSIC-TRIASSIC,619.032
26.08213,38.3,0.119942926,CRETACEOUS,663.1023
26.18213,39.3,0.17319371,CRETACEOUS,760.82947
26.18213,39.2,0.03358848,PLEISTOCENE,381.53314
26.18213,39.1,0.050068345,PLEISTOCENE,476.90933
26.28213,39.3,0.08272271,CRETACEOUS,630.5639
26.28213,39.2,0.050327875,PLEISTOCENE,451.96158
26.28213,39.1,0.117134914,JURASSIC-TRIASSIC,650.8781
26.28213,38.5,0.03195759,UNKNOWN,455.44867
26.38213,39.3,0.026051708,CRETACEOUS,431.9951
26.38213,39.2,0.056095075,JURASSIC-TRIASSIC,494.82663
26.38213,39.1,0.083061434,PALEOZOIC,647.1979
26.38213,39,0.21013838,PALEOZOIC,823.5874
26.48213,39.2,0.086932674,PALEOZOIC,551.84314
26.48213,39,0.07977106,PALEOZOIC,542.1489
26.48213,37.6,0.056637004,UNKNOWN,551.237
26.78213,37.8,0.33165628,PRECAMBRIAN,894.511
26.78213,37.7,0.20688352,PRECAMBRIAN,838.8667
26.78213,37.3,0.0443297,UNKNOWN,448.12024
26.88213,37.7,0.11672014,PLEISTOCENE,640.7099
26.98213,37,0.050631456,JURASSIC-TRIASSIC,516.0582
27.08213,36.8,0.021070616,CENOZOIC,372.84167
27.28213,36.9,0.003307129,PLEISTOCENE,253.02173
20.78213,40.3,0.11968165,JURASSIC-TRIASSIC,743.80493
20.78213,40.2,0.31430164,JURASSIC-TRIASSIC,900
20.88213,40.4,0.0415046,JURASSIC-TRIASSIC,620.8695
20.88213,40.3,0.227249,JURASSIC-TRIASSIC,884.3366
20.88213,40.2,0.16279997,JURASSIC-TRIASSIC,886.60864
20.88213,40.1,0.21909267,JURASSIC-TRIASSIC,900
20.88213,40,0.11602091,JURASSIC-TRIASSIC,859.0919
20.88213,39.9,0.22222388,CRETACEOUS,808.17426
20.98213,40.5,0.060676403,CRETACEOUS,517.4523
20.98213,40.4,0.19070973,CRETACEOUS,706.0218
20.98213,40.3,0.11763326,CRETACEOUS,767.11487
20.98213,40.2,0.18849835,JURASSIC-TRIASSIC,767.2793
20.98213,40.1,0.15886529,JURASSIC-TRIASSIC,770.80225
20.98213,40,0.38130218,JURASSIC-TRIASSIC,900
20.98213,39.9,0.19170041,JURASSIC-TRIASSIC,850.7575
20.98213,39.8,0.07387586,CRETACEOUS,503.34027
21.08213,40.8,0.03706836,PLEISTOCENE,523.9084
21.08213,40.7,0.362112,PLEISTOCENE,900
21.08213,40.6,0.07259133,CRETACEOUS,577.39154
21.08213,40.5,0.06786563,CRETACEOUS,474.4884
21.08213,40.4,0.108961426,CRETACEOUS,607.8467
21.08213,40.3,0.14130521,CRETACEOUS,677.8706
21.08213,39.9,0.3256462,JURASSIC-TRIASSIC,815.5798
21.08213,39.8,0.020227406,JURASSIC-TRIASSIC,506.5797
21.08213,39.7,0.27755278,JURASSIC-TRIASSIC,879.61426
21.08213,39.6,0.1432562,JURASSIC-TRIASSIC,792.888
21.08213,39.5,0.1419612,CRETACEOUS,790.54846
21.08213,39.4,0.21133403,CRETACEOUS,830.37836
21.08213,39.3,0.12095868,CRETACEOUS,592.3577
21.18213,40.8,0.2645394,JURASSIC-TRIASSIC,900
21.18213,40.7,0.014638378,PALEOZOIC,632.8916
21.18213,40.6,0.24214946,JURASSIC-TRIASSIC,900
21.18213,40.5,0.007824832,PLEISTOCENE,286.28592
21.18213,40.4,0.11463173,CRETACEOUS,616.36646
21.18213,39.8,0.033581313,JURASSIC-TRIASSIC,543.6219
21.18213,39.6,0.29010075,JURASSIC-TRIASSIC,775.75635
21.18213,39.5,0.3464738,JURASSIC-TRIASSIC,809.16425
21.18213,39.4,0.033726342,JURASSIC-TRIASSIC,746.0371
21.18213,39.3,0.13243282,CRETACEOUS,627.3247
21.18213,39.2,0.030725567,CRETACEOUS,493.28278
21.28213,40.8,0.2920948,JURASSIC-TRIASSIC,900
21.28213,40.7,0.2545331,PRECAMBRIAN,822.32166
21.28213,40.6,0.19241725,PRECAMBRIAN,813.9122
21.28213,40.5,0.05228471,PRECAMBRIAN,583.8895
21.28213,40.4,0.015828708,PLEISTOCENE,360.71008
21.28213,39.3,0.09833901,CRETACEOUS,554.71716
21.28213,39.2,0.2420447,JURASSIC-TRIASSIC,836.4342
21.38213,40.8,0.14817838,PRECAMBRIAN,865.0132
21.38213,40.7,0.18644096,PRECAMBRIAN,849.162
21.38213,40.6,0.24213834,JURASSIC-TRIASSIC,900
21.38213,40.5,0.12701441,PLEISTOCENE,739.37976
21.38213,40.4,0.07194047,JURASSIC-TRIASSIC,592.3862
21.38213,39.3,0.1327403,JURASSIC-TRIASSIC,897.9314
21.38213,39.2,0.11739686,CRETACEOUS,674.2061
21.48213,40.9,0.001526415,PLEISTOCENE,252.89792
21.48213,40.8,0.005581096,PLEISTOCENE,299.03995
21.48213,40.7,0.07091558,CRETACEOUS,537.0053
21.48213,40.6,0.18654653,PRECAMBRIAN,815.7541
21.48213,40.5,0.21355574,PRECAMBRIAN,735.4647
21.48213,39.3,0.1211283,CRETACEOUS,810.21497
21.58213,39.4,0.1272993,JURASSIC-TRIASSIC,806.47644
21.58213,39.3,0.25356397,JURASSIC-TRIASSIC,900
21.68213,39.4,0.20904996,JURASSIC-TRIASSIC,805.0965
21.68213,39.3,0.1238347,CRETACEOUS,659.5707
21.78213,39.4,0.12654048,CRETACEOUS,679.4583
21.78213,39.3,0.05654436,CRETACEOUS,533.0787
21.78213,39.2,0.05311213,CRETACEOUS,550.7163
21.88213,39.5,0.001285967,PLEISTOCENE,213.38846
21.88213,39.4,0.001285421,PLEISTOCENE,210.9674
21.88213,39.3,0.03486811,CRETACEOUS,534.87537
21.88213,39.2,0.11673852,CRETACEOUS,609.2949
21.98213,39.5,0.001499147,PLEISTOCENE,199.36676
21.98213,39.4,0.001285421,PLEISTOCENE,217.68254
21.98213,39.3,0.005139515,PLEISTOCENE,261.17612
21.98213,39.2,0.18105683,CRETACEOUS,861.0354
21.98213,39.1,0.13310447,CRETACEOUS,662.19025
22.08213,39.5,0.030114979,PLEISTOCENE,355.82385
22.08213,39.4,0.001762982,PLEISTOCENE,219.87567
22.08213,39.3,0.001762587,PLEISTOCENE,224.88779
22.08213,39.2,0.05861826,JURASSIC-TRIASSIC,507.72318
22.08213,39.1,0.09773115,CRETACEOUS,665.5949
22.18213,39.5,0.0740348,PRECAMBRIAN,572.6393
22.18213,39.4,0.001396664,PLEISTOCENE,217.5954
22.18213,39.3,0.001618777,PLEISTOCENE,219.09738
22.18213,39.2,0.001392679,PLEISTOCENE,225.06674
22.28213,39.7,0.006905595,PLEISTOCENE,333.40298
22.28213,39.6,0.004338434,CRETACEOUS,318.12866
22.28213,39.5,0.075380065,PRECAMBRIAN,529.0508
22.28213,39.4,0.030954326,PLEISTOCENE,390.59692
22.28213,39.3,0.001495411,PLEISTOCENE,222.89467
22.38213,39.7,0.002104076,PLEISTOCENE,232.83667
22.38213,39.6,0.013220045,CRETACEOUS,339.83093
22.38213,39.5,0.01564718,PLEISTOCENE,327.63638
22.38213,39.4,0.021180289,CRETACEOUS,399.4715
22.38213,39.3,0.0087454,PLEISTOCENE,317.29202
22.48213,39.8,0.2037152,PRECAMBRIAN,850.7195
22.48213,39.7,0.000884909,PLEISTOCENE,197.35114
22.48213,39.6,0.002140647,PLEISTOCENE,229.06909
22.48213,39.5,0.015050078,CRETACEOUS,343.09183
22.48213,39.4,0.01323768,CRETACEOUS,353.8579
22.48213,39.3,0.02954403,PLEISTOCENE,409.01962
22.48213,39.2,0.0379621,JURASSIC-TRIASSIC,440.25534
22.58213,39.9,0.09600994,PRECAMBRIAN,624.22034
22.58213,39.8,0.16688971,PRECAMBRIAN,818.5958
22.58213,39.7,0.06807902,JURASSIC-TRIASSIC,495.58817
22.58213,39.6,0.002852873,PLEISTOCENE,237.37082
22.58213,39.5,0.016618242,CRETACEOUS,359.522
22.58213,39.4,0.023421735,JURASSIC-TRIASSIC,411.13538
22.58213,39.3,0.019397883,PLEISTOCENE,354.03268
22.68213,39.9,0.001506737,PLEISTOCENE,217.91222
22.68213,39.8,0.29058647,PRECAMBRIAN,900
22.68213,39.7,0.10449879,JURASSIC-TRIASSIC,743.5196
22.68213,39.6,0,PLEISTOCENE,225.82027
22.68213,39.5,0.005299839,PLEISTOCENE,257.25104
22.78213,40.7,0.006514113,PLEISTOCENE,271.07123
22.78213,40.6,0,PLEISTOCENE,180
22.78213,39.8,0.25367224,PRECAMBRIAN,900
22.78213,39.7,0.059535213,JURASSIC-TRIASSIC,484.72748
22.78213,39.6,0.12326451,PRECAMBRIAN,744.9004
22.88213,40.8,0.102498114,PLEISTOCENE,599.2393
22.88213,40.7,0.03446674,CRETACEOUS,435.638
22.88213,40.5,0.027555786,CRETACEOUS,504.8228
22.88213,39.6,0.095436364,PRECAMBRIAN,768.37805
22.98213,40.9,0.033449106,PALEOZOIC,439.62402
22.98213,40.8,0.047439314,CRETACEOUS,458.04633
22.98213,40.7,0.06566374,JURASSIC-TRIASSIC,571.1371
22.98213,40.6,0.023646703,CRETACEOUS,411.96854
22.98213,40.5,0.021688439,PLEISTOCENE,373.86743
22.98213,40.4,0.026730293,CRETACEOUS,386.5524
23.08213,41,0.051923677,PRECAMBRIAN,500.8061
23.08213,40.9,0.047473166,PRECAMBRIAN,492.99097
23.08213,40.8,0.05306209,PLEISTOCENE,507.049
23.08213,40.7,0.003036158,PLEISTOCENE,325.63818
23.08213,40.6,0.07481997,JURASSIC-TRIASSIC,547.81
23.08213,40.5,0.010697985,PLEISTOCENE,315.44104
23.08213,40.4,0.027050078,CRETACEOUS,408.82703
23.18213,41,0.033164572,PRECAMBRIAN,431.04053
23.18213,40.9,0.029978754,PRECAMBRIAN,423.6989
23.18213,40.8,0.049911704,PRECAMBRIAN,480.24374
23.18213,40.7,0.018939309,PLEISTOCENE,383.76703
23.18213,40.6,0.090757824,CRETACEOUS,600.7706
23.18213,40.5,0.08530146,JURASSIC-TRIASSIC,606.3856
23.18213,40.4,0.014213023,JURASSIC-TRIASSIC,451.75662
23.18213,40.3,0.02575712,CRETACEOUS,401.93494
23.28213,40.9,0.03556035,PRECAMBRIAN,456.09814
23.28213,40.8,0.018420333,PRECAMBRIAN,393.36502
23.28213,40.7,0.047195196,PRECAMBRIAN,499.23175
23.28213,40.6,0.04000762,PRECAMBRIAN,487.03064
23.28213,40.5,0.12297054,JURASSIC-TRIASSIC,695.95074
23.28213,40.4,0.07878131,JURASSIC-TRIASSIC,556.85004
23.28213,40.3,0.024709044,PLEISTOCENE,379.71707
23.38213,40.8,0.03131067,PRECAMBRIAN,439.93454
23.38213,40.7,0.045870874,PLEISTOCENE,472.49963
23.38213,40.6,0.08666409,JURASSIC-TRIASSIC,554.0305
23.38213,40.5,0.1337549,CRETACEOUS,724.5194
23.38213,40.4,0.030217173,JURASSIC-TRIASSIC,590.2312
23.38213,40.3,0.023599183,CRETACEOUS,376.61337
23.38213,40.1,0.007387761,CRETACEOUS,307.84894
23.38213,40,0.05037613,UNKNOWN,541.75867
23.48213,40.8,0.020457374,PLEISTOCENE,378.21976
23.48213,40.7,0.18424782,PALEOZOIC,841.7205
23.48213,40.6,0.027054604,CRETACEOUS,398.81995
23.48213,40.5,0.04268229,CRETACEOUS,462.2765
23.48213,40.4,0.012238028,JURASSIC-TRIASSIC,461.6479
23.48213,40.3,0.017610658,JURASSIC-TRIASSIC,400.5025
23.48213,40,0.05345742,CRETACEOUS,489.05917
23.58213,40.8,0.071699455,PALEOZOIC,583.01355
23.58213,40.7,0.05528597,PALEOZOIC,522.95886
23.58213,40.6,0.115040794,PALEOZOIC,639.78864
23.58213,40.5,0.072879024,JURASSIC-TRIASSIC,538.1956
23.58213,40.4,0.0931264,JURASSIC-TRIASSIC,599.15564
23.58213,40.3,0.06717054,PLEISTOCENE,546.5882
23.68213,40.7,0.050532117,PALEOZOIC,492.4976
23.68213,40.6,0.10238399,PRECAMBRIAN,650.11487
23.68213,40.5,0.12909554,PALEOZOIC,636.91736
23.68213,40.4,0.06058371,PRECAMBRIAN,518.2129
23.68213,40.3,0.10050826,PRECAMBRIAN,609.33765
23.68213,40.2,0.031384498,UNKNOWN,490.50482
23.78213,40.5,0.15694603,PALEOZOIC,660.8391
23.78213,40.4,0.17229559,PRECAMBRIAN,757.47455
23.78213,40.1,0.055515517,UNKNOWN,484.96234
23.88213,40.1,0.14490472,JURASSIC-TRIASSIC,727.29297
23.88213,40,0.0540006,CRETACEOUS,459.7602
23.98213,40,0.048721675,CRETACEOUS,511.28152
24.08213,40.3,0.061217904,JURASSIC-TRIASSIC,556.8732
24.18213,40.3,0.04304089,PRECAMBRIAN,580.4597
24.28213,40.2,0.1412516,JURASSIC-TRIASSIC,684.1753
19.68213,39.7,0.1366005,UNKNOWN,723.3439
19.78213,39.7,0.25014377,JURASSIC-TRIASSIC,838.0172
19.78213,39.6,0.14425607,CRETACEOUS,584.8843
19.88213,39.8,0.08858992,CRETACEOUS,607.92
19.88213,39.6,0.028577182,PLEISTOCENE,385.80237
19.88213,39.5,0.037748728,CRETACEOUS,503.85712
20.08213,39.4,0.010394273,PLEISTOCENE,286.75446
20.18213,39.6,0.008558618,UNKNOWN,421.2038
20.18213,39.2,0.08131371,CRETACEOUS,564.6537
20.28213,39.7,0.058728613,CRETACEOUS,573.01733
20.28213,39.6,0.04270637,JURASSIC-TRIASSIC,468.38696
20.28213,39.5,0.17195387,JURASSIC-TRIASSIC,861.93695
20.28213,39.4,0.18447368,JURASSIC-TRIASSIC,886.4178
20.38213,39.9,0.045704424,PLEISTOCENE,514.5684
20.38213,39.7,0.0445207,CRETACEOUS,585.6139
20.38213,39.6,0.13075691,CRETACEOUS,758.1
20.38213,39.5,0.18249394,CRETACEOUS,817.64624
20.38213,39.4,0.025284307,PLEISTOCENE,391.8826
20.38213,39.3,0.24584906,CENOZOIC,900
20.48213,40,0.07884268,CRETACEOUS,606.7392
20.48213,39.9,0.07026038,JURASSIC-TRIASSIC,700.94806
20.48213,39.8,0.055901553,CRETACEOUS,458.43454
20.48213,39.7,0.059365064,CRETACEOUS,448.02414
20.48213,39.6,0.24249789,JURASSIC-TRIASSIC,815.9474
20.48213,39.5,0.3435143,JURASSIC-TRIASSIC,900
20.48213,39.4,0.026493149,PLEISTOCENE,348.59122
20.48213,39.3,0.09951767,PLEISTOCENE,600.957
20.58213,40,0.10333368,PLEISTOCENE,646.27106
20.58213,39.9,0.08743072,PLEISTOCENE,599.3043
20.58213,39.8,0.019427756,PLEISTOCENE,326.0719
20.58213,39.7,0.06704109,CRETACEOUS,541.2796
20.58213,39.6,0.088628836,CRETACEOUS,596.1855
20.58213,39.5,0.17247036,PLEISTOCENE,785.861
20.58213,39.4,0.550284,PLEISTOCENE,900
20.58213,39.3,0.005808782,PLEISTOCENE,267.31927
20.58213,39.2,0.09812104,JURASSIC-TRIASSIC,665.0366
20.68213,40.1,0.06773442,CRETACEOUS,486.7384
20.68213,40,0.13270539,PLEISTOCENE,677.1449
20.68213,39.9,0.15943414,CRETACEOUS,772.8522
20.68213,39.8,0.060764883,CRETACEOUS,481.97757
20.68213,39.7,0.09264169,JURASSIC-TRIASSIC,546.89087
20.68213,39.6,0.3164451,JURASSIC-TRIASSIC,900
20.68213,39.5,0.088410676,CRETACEOUS,522.756
20.68213,39.4,0.21867338,JURASSIC-TRIASSIC,886.0621
20.68213,39.3,0.32803866,JURASSIC-TRIASSIC,900
20.68213,39.2,0.081493095,CRETACEOUS,523.16956
20.68213,39.1,0.035801124,CRETACEOUS,367.09302
20.78213,40.1,0.15532252,JURASSIC-TRIASSIC,669.4208
20.78213,40,0.5282787,CRETACEOUS,900
20.78213,39.9,0.13383554,CRETACEOUS,840.6909
20.78213,39.8,0.31880048,CRETACEOUS,888.4526
20.78213,39.7,0.042199474,JURASSIC-TRIASSIC,412.47894
20.78213,39.6,0.2098343,JURASSIC-TRIASSIC,832.0758
20.78213,39.5,0.15015113,JURASSIC-TRIASSIC,795.5195
20.78213,39.4,0.19078751,JURASSIC-TRIASSIC,818.18304
20.78213,39.3,0.040777925,PLEISTOCENE,568.3873
20.78213,39.2,0.13822898,PLEISTOCENE,734.05493
20.78213,39.1,0,PLEISTOCENE,180
20.88213,39.8,0.043325182,CRETACEOUS,463.31644
20.88213,39.7,0.22850817,JURASSIC-TRIASSIC,900
20.88213,39.6,0.027109133,PLEISTOCENE,376.57532
20.88213,39.5,0.0471267,JURASSIC-TRIASSIC,637.5481
20.88213,39.4,0.05567272,CRETACEOUS,597.7567
20.88213,39.3,0.036473397,PLEISTOCENE,582.41547
20.88213,39.2,0.08054976,CRETACEOUS,520.92395
20.88213,39.1,0,PLEISTOCENE,211.73782
20.88213,38.6,0.06547389,UNKNOWN,544.1611
20.98213,39.7,0.102235794,CRETACEOUS,603.4116
20.98213,39.6,0.08408465,CRETACEOUS,699.812
20.98213,39.5,0.10780332,CRETACEOUS,635.292
20.98213,39.4,0.09981476,JURASSIC-TRIASSIC,703.00507
20.98213,39.3,0.39595887,CRETACEOUS,900
20.98213,39.2,0.08068636,CRETACEOUS,592.99756
20.98213,39.1,0.002134125,PLEISTOCENE,228.92584
20.98213,38.9,0.051636867,JURASSIC-TRIASSIC,542.22534
20.98213,38.8,0.22577177,JURASSIC-TRIASSIC,785.94934
20.98213,38.7,0.05587879,JURASSIC-TRIASSIC,584.13336
21.08213,39.2,0.12599444,CRETACEOUS,627.6893
21.08213,39.1,0.037439995,PLEISTOCENE,460.8692
21.08213,38.8,0.07264543,JURASSIC-TRIASSIC,531.69745
21.08213,38.7,0.1796756,JURASSIC-TRIASSIC,828.9158
21.08213,38.6,0.13609305,JURASSIC-TRIASSIC,654.9289
21.18213,39.1,0.10640235,CRETACEOUS,658.22943
21.18213,39,0.10247667,CRETACEOUS,612.962
21.18213,38.9,0.011094543,CRETACEOUS,331.18295
21.18213,38.8,0.10224796,PLEISTOCENE,626.3501
21.18213,38.7,0.02547639,JURASSIC-TRIASSIC,439.50897
21.18213,38.6,0.055309378,JURASSIC-TRIASSIC,532.99255
21.18213,38.5,0.049098644,PLEISTOCENE,467.06207
21.18213,38.4,0.000874803,PLEISTOCENE,235.01645
21.18213,38.3,0.002697962,UNKNOWN,204.11243
21.28213,39.1,0.37784672,JURASSIC-TRIASSIC,900
21.28213,39,0.109800346,CRETACEOUS,613.69574
21.28213,38.9,0.14734198,CRETACEOUS,731.2622
21.28213,38.8,0.062237285,CRETACEOUS,486.0011
21.28213,38.7,0.07136662,CRETACEOUS,553.57904
21.28213,38.6,0.002991557,PLEISTOCENE,224.54474
21.28213,38.5,0.037115138,JURASSIC-TRIASSIC,402.75067
21.28213,38.4,0.002560282,PLEISTOCENE,227.93335
21.28213,38,0.004017785,UNKNOWN,495
21.38213,39.1,0.15214582,JURASSIC-TRIASSIC,835.8155
21.38213,39,0.29569986,JURASSIC-TRIASSIC,861.72797
21.38213,38.9,0.07426779,CRETACEOUS,489.98727
21.38213,38.8,0.14247161,CRETACEOUS,630.88873
21.38213,38.7,0.14899103,CRETACEOUS,700.5956
21.38213,38.6,0.008763113,PLEISTOCENE,288.3739
21.38213,38.5,0.1551754,CRETACEOUS,794.90717
21.38213,38.4,0,PLEISTOCENE,192.73947
21.38213,38.2,0.026440026,JURASSIC-TRIASSIC,418.88205
21.38213,38.1,0.000685728,PLEISTOCENE,220.50583
21.38213,38,0.008962455,CRETACEOUS,303.4552
21.38213,37.9,0.035817627,CRETACEOUS,404.32922
21.48213,39.2,0.261268,JURASSIC-TRIASSIC,900
21.48213,39.1,0.094701566,CRETACEOUS,544.0989
21.48213,39,0.06494317,CRETACEOUS,584.7293
21.48213,38.9,0.102224775,CRETACEOUS,669.1626
21.48213,38.8,0.053146314,CRETACEOUS,626.461
21.48213,38.7,0.08068109,CRETACEOUS,633.4917
21.48213,38.6,0.029656956,PLEISTOCENE,421.38528
21.48213,38.5,0.14069314,CRETACEOUS,794.28516
21.48213,38.4,0.088656716,CRETACEOUS,593.1102
21.48213,38.3,0.003191465,UNKNOWN,390
21.48213,38.1,0.006455628,PLEISTOCENE,273.932
21.48213,38,0.045970358,CRETACEOUS,477.1592
21.48213,37.9,0.002158369,PLEISTOCENE,247.05428
21.48213,37.8,0.028728567,CRETACEOUS,433.40573
21.58213,39.2,0.11867642,JURASSIC-TRIASSIC,741.5489
21.58213,39.1,0.18165879,CRETACEOUS,900
21.58213,39,0.1292025,CRETACEOUS,742.8374
21.58213,38.9,0.36914077,JURASSIC-TRIASSIC,900
21.58213,38.8,0.18573382,JURASSIC-TRIASSIC,844.78406
21.58213,38.7,0.29748994,JURASSIC-TRIASSIC,877.5427
21.58213,38.6,0.10799375,PLEISTOCENE,659.14496
21.58213,38.5,0.13783948,CRETACEOUS,670.83606
21.58213,38.1,0.02424165,CRETACEOUS,382.64453
21.58213,38,0.11386128,JURASSIC-TRIASSIC,593.6791
21.58213,37.9,0.059684727,CRETACEOUS,451.81622
21.58213,37.8,0.071807496,CRETACEOUS,506.4944
21.58213,37.7,0.027650362,CRETACEOUS,490.3341
21.68213,39.2,0.17348248,JURASSIC-TRIASSIC,747.10376
21.68213,39.1,0.13481656,JURASSIC-TRIASSIC,800.09143
21.68213,39,0.027273139,CRETACEOUS,705.6283
21.68213,38.9,0.23156016,JURASSIC-TRIASSIC,898.3451
21.68213,38.8,0.33428085,JURASSIC-TRIASSIC,900
21.68213,38.7,0.25576612,JURASSIC-TRIASSIC,779.67847
21.68213,38.6,0.045465626,JURASSIC-TRIASSIC,575.31964
21.68213,38.1,0.009554894,PLEISTOCENE,308.0606
21.68213,38,0.022109589,CRETACEOUS,436.6398
21.68213,37.9,0.028121205,CRETACEOUS,427.209
21.68213,37.8,0.034707,PLEISTOCENE,442.7744
21.68213,37.7,0.18812583,CRETACEOUS,795.6858
21.68213,37.6,0.041821256,CRETACEOUS,496.9454
21.78213,39.1,0.31763783,CRETACEOUS,814.6254
21.78213,39,0.21443988,CRETACEOUS,900
21.78213,38.9,0.10051813,CRETACEOUS,636.7578
21.78213,38.8,0.27285445,JURASSIC-TRIASSIC,900
21.78213,38.7,0.22464696,CRETACEOUS,818.4998
21.78213,38.6,0.11571035,CRETACEOUS,711.73096
21.78213,38.1,0.09854502,CRETACEOUS,628.4847
21.78213,38,0.12118537,CRETACEOUS,643.5226
21.78213,37.9,0.1263201,JURASSIC-TRIASSIC,807.12103
21.78213,37.8,0.0226977,CRETACEOUS,434.28934
21.78213,37.7,0.021990465,CRETACEOUS,441.22827
21.78213,37.6,0.0508332,CRETACEOUS,474.11285
21.78213,37.5,0.07269134,CRETACEOUS,717.01434
21.88213,39.1,0.13154304,CRETACEOUS,751.7202
21.88213,39,0.1532861,CRETACEOUS,814.9865
21.88213,38.9,0.13982876,CRETACEOUS,736.05945
21.88213,38.8,0.04852181,CRETACEOUS,600.8524
21.88213,38.7,0.16269076,CRETACEOUS,697.406
21.88213,38.6,0.21692577,JURASSIC-TRIASSIC,732.62494
21.88213,38,0.21052293,JURASSIC-TRIASSIC,863.72034
21.88213,37.9,0.35756385,JURASSIC-TRIASSIC,900
21.88213,37.8,0.07008842,JURASSIC-TRIASSIC,507.86072
21.88213,37.7,0.062858544,CRETACEOUS,509.08698
21.88213,37.6,0.02563012,CRETACEOUS,408.6551
21.88213,37.5,0.08276259,CRETACEOUS,615.57935
21.98213,39,0.2150623,CRETACEOUS,803.06104
21.98213,38.9,0.07509337,CRETACEOUS,615.91284
21.98213,38.8,0.12297803,CRETACEOUS,727.9506
21.98213,38.7,0.23169911,CRETACEOUS,771.8737
21.98213,38.6,0.07971436,CRETACEOUS,752.56445
21.98213,38,0.18903719,JURASSIC-TRIASSIC,840.2162
21.98213,37.9,0.09121513,PLEISTOCENE,696.0863
21.98213,37.8,0.12213895,JURASSIC-TRIASSIC,776.6892
21.98213,37.7,0.107395105,JURASSIC-TRIASSIC,618.7761
21.98213,37.6,0.12501135,JURASSIC-TRIASSIC,735.5021
21.98213,37.5,0.20168956,JURASSIC-TRIASSIC,806.6299
21.98213,37.4,0.108418904,JURASSIC-TRIASSIC,620.1849
22.08213,39,0.15511343,CRETACEOUS,765.05676
22.08213,38.9,0.13169497,CRETACEOUS,780.0464
22.08213,38.8,0.0978411,CRETACEOUS,612.84283
22.08213,38.7,0.41739392,CRETACEOUS,900
22.08213,38.6,0.20888917,CRETACEOUS,727.3154
22.08213,38,0.24578893,JURASSIC-TRIASSIC,855.9498
22.08213,37.9,0.20330365,PLEISTOCENE,772.76013
22.08213,37.8,0.17430651,PLEISTOCENE,770.7035
22.08213,37.7,0.09721233,CRETACEOUS,663.70654
22.08213,37.6,0.13645664,CRETACEOUS,667.81055
22.08213,37.5,0.18652104,JURASSIC-TRIASSIC,812.383
22.08213,37.4,0.044557303,PLEISTOCENE,449.58475
22.08213,37.3,0.0436402,JURASSIC-TRIASSIC,522.8207
22.18213,39.1,0.06143102,JURASSIC-TRIASSIC,491.66364
22.18213,39,0.06755896,JURASSIC-TRIASSIC,612.6256
22.18213,38.9,0.017593244,PLEISTOCENE,358.75766
22.18213,38.8,0.20387295,CRETACEOUS,829.6778
22.18213,38.7,0.12444677,CRETACEOUS,724.68604
22.18213,38.6,0.3988719,JURASSIC-TRIASSIC,900
22.18213,38,0.22111802,JURASSIC-TRIASSIC,881.38855
22.18213,37.9,0.19911714,JURASSIC-TRIASSIC,857.35706
22.18213,37.8,0.21786855,PLEISTOCENE,863.3246
22.18213,37.7,0.073941186,CRETACEOUS,550.7872
22.18213,37.6,0.0855858,JURASSIC-TRIASSIC,626.31104
22.18213,37.5,0.095410734,CRETACEOUS,607.99426
22.18213,37.4,0.14604169,CRETACEOUS,728.98474
22.18213,37.3,0.039139774,CRETACEOUS,505.27118
22.18213,37.2,0.09264483,CRETACEOUS,561.1448
22.28213,39.2,0.004973428,PLEISTOCENE,257.44125
22.28213,39.1,0.08091633,JURASSIC-TRIASSIC,553.68823
22.28213,39,0.06494494,JURASSIC-TRIASSIC,536.05566
22.28213,38.9,0.025296917,PLEISTOCENE,383.64514
22.28213,38.8,0.13070863,CRETACEOUS,591.1221
22.28213,38.7,0.08838342,JURASSIC-TRIASSIC,589.07874
22.28213,38.6,0.17618766,JURASSIC-TRIASSIC,876.4049
22.28213,38,0.25532162,PALEOZOIC,819.5431
22.28213,37.9,0.22904345,PLEISTOCENE,900
22.28213,37.8,0.1193451,PLEISTOCENE,645.53125
22.28213,37.7,0.3027183,JURASSIC-TRIASSIC,879.95386
22.28213,37.6,0.28342757,CRETACEOUS,784.978
22.28213,37.5,0.1377036,CRETACEOUS,677.10345
22.28213,37.4,0.019952659,CRETACEOUS,396.92804
22.28213,37.3,0.050538633,CRETACEOUS,504.0325
22.28213,37.2,0.15424883,JURASSIC-TRIASSIC,803.6726
22.38213,39.2,0.069096975,JURASSIC-TRIASSIC,574.99677
22.38213,39.1,0.02928437,JURASSIC-TRIASSIC,368.1402
22.38213,39,0.103219144,JURASSIC-TRIASSIC,568.47015
22.38213,38.9,0.05192412,PLEISTOCENE,505.30295
22.38213,38.8,0.24007405,JURASSIC-TRIASSIC,865.6018
22.38213,38.7,0.065590955,CRETACEOUS,500.16852
22.38213,38.6,0.3043384,CRETACEOUS,900
22.38213,38,0.19459403,CENOZOIC,784.292
22.38213,37.9,0.1745321,PLEISTOCENE,862.68823
22.38213,37.8,0.16980867,JURASSIC-TRIASSIC,769.1911
22.38213,37.7,0.21411465,PLEISTOCENE,828.9404
22.38213,37.6,0.001756225,PLEISTOCENE,260.05566
22.38213,37.5,0.013625294,PLEISTOCENE,299.26804
22.38213,37.4,0.108211175,CRETACEOUS,643.6377
22.38213,37.3,0.06482043,PALEOZOIC,527.5573
22.38213,37.2,0.08987611,JURASSIC-TRIASSIC,587.1102
22.38213,37.1,0.07220056,PALEOZOIC,510.19073
22.38213,37,0.23704134,CRETACEOUS,897.49634
22.38213,36.9,0.24476308,JURASSIC-TRIASSIC,900
22.38213,36.7,0.23686367,JURASSIC-TRIASSIC,888.5043
22.38213,36.6,0.06883397,JURASSIC-TRIASSIC,570.5134
22.38213,36.5,0.022569252,JURASSIC-TRIASSIC,424.31503
22.48213,39.1,0.07906983,JURASSIC-TRIASSIC,568.642
22.48213,39,0.07222218,JURASSIC-TRIASSIC,500.4387
22.48213,38.9,0.09306854,PLEISTOCENE,577.3501
22.48213,38.8,0.056271177,PLEISTOCENE,526.1316
22.48213,38.7,0.038708333,PLEISTOCENE,455.49585
22.48213,38.6,0.50138766,JURASSIC-TRIASSIC,900
22.48213,38,0.1771463,CENOZOIC,851.1928
22.48213,37.9,0.3432359,JURASSIC-TRIASSIC,900
22.48213,37.8,0.21893291,PLEISTOCENE,792.65936
22.48213,37.7,0.16554664,CRETACEOUS,879.24097
22.48213,37.6,0.31402013,JURASSIC-TRIASSIC,824.61096
22.48213,37.5,0.16620697,JURASSIC-TRIASSIC,754.44635
22.48213,37.4,0.19319999,PALEOZOIC,825.6126
22.48213,37.3,0.052157838,JURASSIC-TRIASSIC,487.11456
22.48213,37.2,0.10936931,PALEOZOIC,665.4747
22.48213,37.1,0.045195624,CRETACEOUS,457.12234
22.48213,37,0.029220652,PLEISTOCENE,397.9052
22.48213,36.9,0.13267909,PALEOZOIC,685.7218
22.48213,36.8,0.11816912,PALEOZOIC,605.9453
22.48213,36.7,0.092337735,JURASSIC-TRIASSIC,612.04315
22.48213,36.5,0.21352944,JURASSIC-TRIASSIC,894.5552
22.48213,36.4,0.1068477,JURASSIC-TRIASSIC,611.47546
22.58213,39.2,0.01081429,JURASSIC-TRIASSIC,365.91608
22.58213,39.1,0.12348905,JURASSIC-TRIASSIC,591.96686
22.58213,39,0.1509649,PLEISTOCENE,706.90125
22.58213,38.9,0.037736814,PLEISTOCENE,453.70398
22.58213,38.8,0.07263616,PLEISTOCENE,582.0854
22.58213,38.7,0.12880228,PLEISTOCENE,702.18567
22.58213,38.6,0.17479055,JURASSIC-TRIASSIC,857.41516
22.58213,37.9,0.09360072,CENOZOIC,602.7282
22.58213,37.8,0.17276362,PLEISTOCENE,716.7229
22.58213,37.7,0.1739007,PLEISTOCENE,716.98914
22.58213,37.6,0.24505459,PLEISTOCENE,815.5343
22.58213,37.5,0.057137582,JURASSIC-TRIASSIC,534.45276
22.58213,37.4,0.17809558,CRETACEOUS,823.8292
22.58213,37.3,0.18341619,PALEOZOIC,788.4309
22.58213,37.2,0.20315215,JURASSIC-TRIASSIC,833.5209
22.58213,37.1,0.154992,JURASSIC-TRIASSIC,649.41174
22.58213,37,0.07170114,CRETACEOUS,520.0112
22.58213,36.9,0.054400526,JURASSIC-TRIASSIC,478.1949
22.58213,36.8,0.09060072,JURASSIC-TRIASSIC,580.89
22.68213,39.4,0.040108267,CRETACEOUS,455.84955
22.68213,39.3,0.107541755,JURASSIC-TRIASSIC,557.0997
22.68213,39.2,0.018835,PLEISTOCENE,381.71185
22.68213,39.1,0.1734825,JURASSIC-TRIASSIC,776.6061
22.68213,39,0.21908024,JURASSIC-TRIASSIC,826.9258
22.68213,38.9,0.047461435,PLEISTOCENE,491.1828
22.68213,38.8,0.01710929,PLEISTOCENE,385.4666
22.68213,38.7,0.13195299,JURASSIC-TRIASSIC,814.91797
22.68213,38.6,0.04934584,PLEISTOCENE,489.3831
22.68213,37.9,0.08121516,CENOZOIC,675.3175
22.68213,37.8,0.09625847,PLEISTOCENE,628.84564
22.68213,37.7,0.011037273,CENOZOIC,409.29333
22.68213,37.6,0.2585449,JURASSIC-TRIASSIC,896.31494
22.68213,37.5,0.17129937,JURASSIC-TRIASSIC,769.5943
22.68213,37.4,0.16863249,JURASSIC-TRIASSIC,811.22815
22.68213,37.3,0.123266354,CRETACEOUS,698.4835
22.68213,37.2,0.10287502,JURASSIC-TRIASSIC,728.1295
22.68213,37.1,0.29786837,JURASSIC-TRIASSIC,900
22.68213,37,0.044105846,CRETACEOUS,467.5214
22.68213,36.9,0.027988344,CRETACEOUS,415.44794
22.78213,39.5,0.000883307,PLEISTOCENE,183.05719
22.78213,39.4,0.05247487,PLEISTOCENE,440.35065
22.78213,39.3,0.06496189,PRECAMBRIAN,478.46613
22.78213,39.2,0.011602294,PLEISTOCENE,315.90778
22.78213,39.1,0.04178956,JURASSIC-TRIASSIC,509.96277
22.78213,39,0.046143577,JURASSIC-TRIASSIC,581.1325
22.78213,38.9,0.20145331,JURASSIC-TRIASSIC,823.7312
22.78213,38.7,0.11875991,CRETACEOUS,616.2809
22.78213,38.6,0.006094046,PLEISTOCENE,270.32504
22.78213,38.5,0.033473887,PLEISTOCENE,436.5044
22.78213,38.4,0.43125322,JURASSIC-TRIASSIC,900
22.78213,37.9,0.07942735,CENOZOIC,558.8215
22.78213,37.8,0.02311424,PLEISTOCENE,397.75912
22.78213,37.7,0.19812296,JURASSIC-TRIASSIC,797.9585
22.78213,37.6,0.002263282,PLEISTOCENE,233.01825
22.78213,37.3,0.16254196,JURASSIC-TRIASSIC,735.03345
22.78213,37.2,0.026848944,JURASSIC-TRIASSIC,426.21912
22.78213,37.1,0.09628687,JURASSIC-TRIASSIC,684.5371
22.78213,37,0.17392054,JURASSIC-TRIASSIC,790.27075
22.78213,36.9,0.04236979,JURASSIC-TRIASSIC,463.8573
22.78213,36.8,0.026338091,PLEISTOCENE,393.70508
22.88213,39.5,0.17068462,JURASSIC-TRIASSIC,777.93835
22.88213,39.4,0.036698926,JURASSIC-TRIASSIC,489.52563
22.88213,39.3,0.22268784,JURASSIC-TRIASSIC,855.16943
22.88213,39.1,0.000539592,PLEISTOCENE,306.3084
22.88213,39,0.081527255,JURASSIC-TRIASSIC,555.82654
22.88213,38.7,0.09315415,CRETACEOUS,542.0661
22.88213,38.6,0.063327774,JURASSIC-TRIASSIC,605.57086
22.88213,38.5,0.034830183,PLEISTOCENE,416.7951
22.88213,38.4,0.10481851,CRETACEOUS,772.3277
22.88213,38.3,0.19359934,JURASSIC-TRIASSIC,845.92236
22.88213,37.8,0.039690945,CENOZOIC,454.85745
22.88213,37.7,0.038701918,PLEISTOCENE,432.1051
22.88213,37.6,0.08448341,PLEISTOCENE,536.9719
22.88213,37.2,0.3330028,JURASSIC-TRIASSIC,896.4092
22.88213,37.1,0.22223008,JURASSIC-TRIASSIC,900
22.88213,37,0.030224726,JURASSIC-TRIASSIC,423.60028
22.88213,36.9,0.08598914,JURASSIC-TRIASSIC,684.119
22.88213,36.8,0.00758182,PLEISTOCENE,292.71887
22.88213,36.7,0.15035298,JURASSIC-TRIASSIC,765.3779
22.98213,39.5,0.11605407,JURASSIC-TRIASSIC,672.7519
22.98213,39.4,0.20800698,JURASSIC-TRIASSIC,868.23193
22.98213,39,0.14887063,JURASSIC-TRIASSIC,807.03345
22.98213,38.9,0.11922257,PALEOZOIC,593.9155
22.98213,38.7,0.113859,JURASSIC-TRIASSIC,610.2749
22.98213,38.6,0.04032052,JURASSIC-TRIASSIC,625.4448
22.98213,38.5,0.00175951,PLEISTOCENE,256.6417
22.98213,38.4,0.011043054,PLEISTOCENE,328.6466
22.98213,38.3,0.25192195,JURASSIC-TRIASSIC,900
22.98213,37.8,0.14622863,JURASSIC-TRIASSIC,762.1061
22.98213,37.7,0.10591858,JURASSIC-TRIASSIC,643.7952
22.98213,37.6,0.066085145,JURASSIC-TRIASSIC,530.715
22.98213,37,0.21511434,JURASSIC-TRIASSIC,874.3496
22.98213,36.9,0.102899544,JURASSIC-TRIASSIC,611.61694
22.98213,36.8,0.06445359,JURASSIC-TRIASSIC,618.49835
22.98213,36.7,0.11528124,JURASSIC-TRIASSIC,617.00256
22.98213,36.6,0.10731204,PALEOZOIC,638.4732
22.98213,36.5,0.04630035,JURASSIC-TRIASSIC,522.92444
22.98213,36.3,0.04722325,PALEOZOIC,527.4394
22.98213,36.2,0.01351453,JURASSIC-TRIASSIC,353.9607
23.08213,39.5,0.24308246,PRECAMBRIAN,825
23.08213,39.4,0.28237435,PRECAMBRIAN,900
23.08213,39.1,0.050269764,JURASSIC-TRIASSIC,616.11487
23.08213,38.9,0.13064241,PLEISTOCENE,662.13855
23.08213,38.6,0.032892343,JURASSIC-TRIASSIC,537.2377
23.08213,38.5,0.061612375,PLEISTOCENE,526.17566
23.08213,38.4,0.000874803,PLEISTOCENE,185.65544
23.08213,38.3,0.23171075,JURASSIC-TRIASSIC,874.52234
23.08213,37.8,0.13387698,JURASSIC-TRIASSIC,712.12415
23.08213,37.7,0.038959604,JURASSIC-TRIASSIC,516.3498
23.08213,37.6,0.08881947,JURASSIC-TRIASSIC,604.98145
23.08213,36.8,0.15496282,JURASSIC-TRIASSIC,727.1183
23.08213,36.5,0.25442135,PALEOZOIC,876.8817
23.18213,39.4,0.18740995,PRECAMBRIAN,750
23.18213,39.3,0.0325813,PRECAMBRIAN,512.8355
23.18213,39,0.02676625,PLEISTOCENE,482.24478
23.18213,38.9,0.07030707,CRETACEOUS,585.61255
23.18213,38.6,0.10055294,CRETACEOUS,596.2408
23.18213,38.5,0.000875555,PLEISTOCENE,221.01945
23.18213,38.4,0.05357607,PLEISTOCENE,466.486
23.18213,38.3,0.008092614,PLEISTOCENE,407.06335
23.28213,39.2,0.08677721,JURASSIC-TRIASSIC,542.21405
23.28213,39,0.049538974,CRETACEOUS,432.03262
23.28213,38.9,0.013284583,CRETACEOUS,447.5692
23.28213,38.8,0.07002288,CRETACEOUS,596.95746
23.28213,38.6,0.070191674,CRETACEOUS,542.39575
23.28213,38.5,0.1374069,PLEISTOCENE,757.6286
23.28213,38.4,0.035720915,JURASSIC-TRIASSIC,506.34482
23.28213,38.3,0.050384372,PLEISTOCENE,484.932
23.28213,38,0.08159113,CRETACEOUS,581.4383
23.38213,38.9,0.038617082,PRECAMBRIAN,426.9936
23.38213,38.8,0.03770437,PLEISTOCENE,422.95917
23.38213,38.5,0.23966016,JURASSIC-TRIASSIC,869.848
23.38213,38.4,0.088162675,JURASSIC-TRIASSIC,584.9629
23.38213,38.3,0.00609275,CRETACEOUS,363.95798
23.38213,38.2,0.14826633,JURASSIC-TRIASSIC,683.4154
23.38213,38.1,0.17915776,JURASSIC-TRIASSIC,798.4277
23.38213,38,0.013645344,PLEISTOCENE,331.24277
23.48213,39.2,0.18109746,JURASSIC-TRIASSIC,736.4219
23.48213,38.8,0.019233227,PLEISTOCENE,363.58838
23.48213,38.7,0.14351003,JURASSIC-TRIASSIC,784.1632
23.48213,38.4,0.098129265,PLEISTOCENE,510.52582
23.48213,38.3,0.007014701,PLEISTOCENE,369.93542
23.48213,38.2,0.06840981,JURASSIC-TRIASSIC,545.7881
23.58213,38.7,0.14092581,JURASSIC-TRIASSIC,614.18225
23.58213,38.6,0.11975425,CRETACEOUS,616.62036
23.58213,38.4,0.039075423,CRETACEOUS,449.28217
23.58213,38.3,0.051638324,CRETACEOUS,476.10767
23.58213,35.5,0.13145234,JURASSIC-TRIASSIC,695.11066
23.58213,35.4,0.13251895,PALEOZOIC,700.8087
23.58213,35.3,0.11580115,PALEOZOIC,640.1746
23.68213,39.1,0.04337702,JURASSIC-TRIASSIC,539.3364
23.68213,38.7,0.19090357,JURASSIC-TRIASSIC,790.37915
23.68213,38.6,0.051884424,PRECAMBRIAN,498.79852
23.68213,38.5,0.070412405,JURASSIC-TRIASSIC,537.5879
23.68213,38.3,0.038737714,CRETACEOUS,411.95697
23.68213,35.4,0.065478384,PALEOZOIC,540.5847
23.68213,35.3,0.03618085,PALEOZOIC,514.84753
23.78213,38.6,0.035200007,PLEISTOCENE,468.5135
23.78213,38.5,0.045563802,CRETACEOUS,468.28308
23.78213,38.4,0.046730746,PALEOZOIC,472.152
23.78213,35.5,0.016994113,CRETACEOUS,470.81042
23.78213,35.4,0.10983321,PALEOZOIC,673.51776
23.78213,35.3,0.20103452,PALEOZOIC,875.2759
23.88213,39.2,0.2073529,UNKNOWN,795.6849
23.88213,38.6,0.3063385,JURASSIC-TRIASSIC,900
23.88213,38.5,0.1028494,JURASSIC-TRIASSIC,632.4672
23.88213,35.5,0.02900728,PLEISTOCENE,420.88837
23.88213,35.4,0.064754464,PALEOZOIC,603.1983
23.88213,35.3,0.15976462,JURASSIC-TRIASSIC,812.0697
23.98213,39.2,0.028189955,JURASSIC-TRIASSIC,466.53354
23.98213,35.5,0.028127661,PLEISTOCENE,396.02673
23.98213,35.4,0.14193231,JURASSIC-TRIASSIC,742.0898
23.98213,35.3,0.32523677,JURASSIC-TRIASSIC,860.98596
24.08213,35.4,0.08070568,CRETACEOUS,560.1696
24.08213,35.3,0.14950445,JURASSIC-TRIASSIC,710.5571
24.18213,39.5,0.06701994,UNKNOWN,506.74487
24.18213,39.4,0.26734868,JURASSIC-TRIASSIC,825
24.18213,35.4,0.05060677,CRETACEOUS,446.93854
24.18213,35.3,0.18221143,JURASSIC-TRIASSIC,819.8572
24.18213,35.2,0.14045833,JURASSIC-TRIASSIC,740.63855
24.28213,35.3,0.40194637,JURASSIC-TRIASSIC,900
24.28213,35.2,0.2769132,JURASSIC-TRIASSIC,887.439
24.38213,35.3,0.05144366,PALEOZOIC,455.78552
24.38213,35.2,0.2126035,JURASSIC-TRIASSIC,878.1323
24.48213,35.3,0.14453469,CRETACEOUS,723.5204
24.48213,35.2,0.036787238,PALEOZOIC,466.24664
24.58213,35.3,0.035711166,JURASSIC-TRIASSIC,634.34015
24.58213,35.2,0.09134725,JURASSIC-TRIASSIC,639.7132
24.58213,35.1,0.12380798,CRETACEOUS,626.93726
24.68213,35.4,0.025675526,CRETACEOUS,393.87305
24.68213,35.3,0.13040075,CRETACEOUS,732.3244
24.68213,35.2,0.21455123,JURASSIC-TRIASSIC,804.86896
24.68213,35.1,0.1517425,CRETACEOUS,738.16815
24.78213,35.4,0.12102488,JURASSIC-TRIASSIC,675.1331
24.78213,35.3,0.1474216,JURASSIC-TRIASSIC,733.6671
24.78213,35.2,0.31193233,JURASSIC-TRIASSIC,900
24.78213,35.1,0.04721498,PLEISTOCENE,497.04672
24.78213,35,0.01769605,PLEISTOCENE,426.50543
24.88213,35.4,0.08654839,PALEOZOIC,580.3253
24.88213,35.3,0.053239763,PRECAMBRIAN,532.97705
24.88213,35.2,0.004749638,JURASSIC-TRIASSIC,474.12204
24.88213,35.1,0.14591388,CRETACEOUS,612.3195
24.88213,35,0.17052984,CRETACEOUS,796.3699
24.98213,35.4,0.051817782,JURASSIC-TRIASSIC,611.3722
24.98213,35.3,0.039718837,JURASSIC-TRIASSIC,483.21246
24.98213,35.2,0.22257268,CRETACEOUS,900
24.98213,35.1,0.050775643,CRETACEOUS,604.8292
24.98213,35,0.08105855,PALEOZOIC,576.59094
25.08213,35.3,0.033443887,CRETACEOUS,347.7255
25.08213,35.2,0.020532869,CRETACEOUS,535.3003
25.08213,35.1,0.06596621,CRETACEOUS,568.9217
25.08213,35,0.09674291,PALEOZOIC,657.8434
25.18213,35.3,0.041142058,CRETACEOUS,535.6595
25.18213,35.2,0.09988121,CRETACEOUS,604.05884
25.18213,35.1,0.03888377,CRETACEOUS,429.72968
25.18213,35,0.18673173,CRETACEOUS,840.05304
25.28213,35.3,0.038560055,JURASSIC-TRIASSIC,526.22784
25.28213,35.2,0.03093349,PLEISTOCENE,361.5555
25.28213,35.1,0.042345073,CRETACEOUS,452.433
25.28213,35,0.1641794,CRETACEOUS,725.15076
25.38213,35.3,0.15386128,CRETACEOUS,777.1407
25.38213,35.2,0.061801966,PALEOZOIC,524.33014
25.38213,35.1,0.07203082,CRETACEOUS,598.5712
25.38213,35,0.18823364,CRETACEOUS,791.6475
25.48213,35.2,0.07842728,JURASSIC-TRIASSIC,574.15045
25.48213,35.1,0.18547918,JURASSIC-TRIASSIC,860.77515
25.48213,35,0.17925757,JURASSIC-TRIASSIC,845.59784
25.58213,35.3,0.07981955,PALEOZOIC,619.3266
25.58213,35.2,0.053977147,PALEOZOIC,840.1427
25.58213,35.1,0.16339634,CRETACEOUS,750.9302
25.68213,35.3,0.07070048,JURASSIC-TRIASSIC,586.7678
25.68213,35.2,0.039133534,JURASSIC-TRIASSIC,401.2011
25.68213,35.1,0.08281671,CRETACEOUS,674.70654
25.78213,35.1,0.21965888,PALEOZOIC,869.8488
25.88213,35.1,0.33618653,CRETACEOUS,900
25.98213,35.1,0.1415581,PALEOZOIC,741.0851
26.08213,35.2,0.031229751,CRETACEOUS,437.17337
26.08213,35.1,0.064379066,CRETACEOUS,622.0249
26.18213,35.2,0.08202982,UNKNOWN,575.5634
26.18213,35.1,0.060738727,JURASSIC-TRIASSIC,488.16882
26.98213,35.4,0.27237427,CRETACEOUS,866.2387
27.08213,35.6,0.055060703,CRETACEOUS,514.2704
27.18213,36.6,0.099296264,CENOZOIC,674.5718
27.18213,35.8,0.19295362,UNKNOWN,710.0373
27.18213,35.7,0.15193416,CRETACEOUS,726.2261
27.18213,35.5,0.070724666,CRETACEOUS,574.7155
27.38213,36.4,0.05242942,JURASSIC-TRIASSIC,661.63
27.78213,36.6,0.0984154,UNKNOWN,621.4978
27.78213,36.2,0.12676704,UNKNOWN,686.6484
27.78213,36.1,0.022852736,CRETACEOUS,481.82376
27.78213,36,0.06254985,CRETACEOUS,513.57715
27.78213,35.9,0.016618036,CRETACEOUS,389.5776
27.88213,36.3,0.08721966,CRETACEOUS,558.4868
27.88213,36.2,0.29758075,JURASSIC-TRIASSIC,887.91797
27.88213,36.1,0.052148424,CRETACEOUS,445.1787
27.88213,36,0.03136026,CRETACEOUS,447.9971
27.98213,36.3,0.049860362,CRETACEOUS,462.68143
27.98213,36.2,0.022175152,CRETACEOUS,392.37256
27.98213,36.1,0.06972085,CRETACEOUS,574.6296
28.08213,36.4,0.068646185,UNKNOWN,558.62897
28.08213,36.3,0.062963605,CRETACEOUS,537.8162
28.08213,36.2,0.08607218,CRETACEOUS,580.50964
28.08213,36.1,0.07453858,JURASSIC-TRIASSIC,611.226
28.18213,36.4,0.03847527,PLEISTOCENE,467.9002
28.18213,36.3,0.02848214,PLEISTOCENE,439.16592
20.38213,38.2,0.1682737,CRETACEOUS,780.8033
20.48213,38.3,0.108250916,JURASSIC-TRIASSIC,710.7627
20.58213,38.7,0.3180225,UNKNOWN,886.20605
20.58213,38.4,0.08292449,JURASSIC-TRIASSIC,606.53436
20.58213,38.3,0.09836052,CRETACEOUS,694.89453
20.58213,38.2,0.050543375,JURASSIC-TRIASSIC,686.3514
20.68213,38.8,0.08130378,JURASSIC-TRIASSIC,633.12823
20.68213,38.7,0.29802012,CRETACEOUS,900
20.68213,38.4,0.39610863,JURASSIC-TRIASSIC,900
20.68213,38.2,0.07982893,JURASSIC-TRIASSIC,817.88983
20.68213,38.1,0.34906706,CENOZOIC,900
20.68213,37.9,0.15441376,JURASSIC-TRIASSIC,764.9854
20.68213,37.8,0.1099633,JURASSIC-TRIASSIC,662.0174
20.78213,38.9,0.005116538,PLEISTOCENE,284.73123
20.78213,38.8,0.12905549,CRETACEOUS,710.4252
20.78213,38.1,0.030107193,JURASSIC-TRIASSIC,488.6185
20.78213,37.8,0.054611646,PLEISTOCENE,531.0441
20.78213,37.7,0.066215836,JURASSIC-TRIASSIC,562.4249
20.88213,38.9,0.061829265,JURASSIC-TRIASSIC,572.2051
20.88213,38.8,0.045058582,PLEISTOCENE,468.97516
20.88213,37.8,0.023444338,PLEISTOCENE,357.50278
21.18213,37.9,0.029034726,CRETACEOUS,408.97385
21.28213,37.9,0.001277617,PLEISTOCENE,215.13269
21.28213,37.8,0.004405762,PLEISTOCENE,239.54044
21.38213,37.8,0.03148897,PLEISTOCENE,390.5432
21.38213,37.7,0.005768321,PLEISTOCENE,266.284
21.48213,37.7,0.049891915,CRETACEOUS,488.2791
21.48213,37.6,0.002158369,PLEISTOCENE,186.89893
21.58213,37.6,0.004316739,CRETACEOUS,298.7263
21.58213,37.1,0.02921738,UNKNOWN,436.9264
21.68213,37.5,0.04288508,CRETACEOUS,454.4631
21.68213,37.4,0.10755811,CRETACEOUS,558.3463
21.68213,37.2,0.2554921,CRETACEOUS,900
21.68213,37.1,0.023735246,CRETACEOUS,392.21664
21.68213,37,0.02441738,CRETACEOUS,435.2154
21.78213,37.4,0.07786376,CRETACEOUS,577.163
21.78213,37.3,0.049449626,CRETACEOUS,441.6996
21.78213,37.2,0.14983766,JURASSIC-TRIASSIC,712.1433
21.78213,37.1,0.14514609,JURASSIC-TRIASSIC,661.6462
21.78213,37,0.115550965,CRETACEOUS,663.1201
21.78213,36.9,0.040616833,CRETACEOUS,459.7175
21.88213,37.4,0.14640056,JURASSIC-TRIASSIC,842.23193
21.88213,37.3,0.13468754,PLEISTOCENE,682.05225
21.88213,37.2,0.05032908,JURASSIC-TRIASSIC,534.201
21.88213,37.1,0.044096116,JURASSIC-TRIASSIC,432.06082
21.88213,37,0.029138036,CRETACEOUS,422.95398
21.88213,36.9,0.11215864,JURASSIC-TRIASSIC,652.99023
21.88213,36.8,0.0960402,JURASSIC-TRIASSIC,613.7325
21.98213,37.3,0.13109148,PLEISTOCENE,714.8785
21.98213,37.2,0.023804516,PLEISTOCENE,366.61932
21.98213,37.1,0.00819026,CRETACEOUS,314.14124
22.08213,37.2,0.21565935,JURASSIC-TRIASSIC,802.766
22.08213,37.1,0.2135888,JURASSIC-TRIASSIC,900
22.18213,37.1,0.27322072,JURASSIC-TRIASSIC,889.14233
22.18213,37,0.4370988,JURASSIC-TRIASSIC,900
22.18213,36.9,0.15139751,JURASSIC-TRIASSIC,790.19055
22.28213,37.1,0.13978648,PALEOZOIC,733.80237
22.28213,37,0.085428506,JURASSIC-TRIASSIC,717.3405
22.28213,36.9,0.3637263,JURASSIC-TRIASSIC,900
22.38213,36.8,0.16185477,JURASSIC-TRIASSIC,810.40137
23.38213,37.3,0.10718728,UNKNOWN,598.82556
23.68213,38,0.021399168,PLEISTOCENE,378.3197
23.78213,38.1,0.02168151,CRETACEOUS,368.4673
23.78213,38,0.011602902,PALEOZOIC,346.06326
23.78213,37.9,0.13361172,JURASSIC-TRIASSIC,771.6187
23.88213,38.2,0.029959206,CRETACEOUS,401.4373
23.88213,38.1,0.05557527,PLEISTOCENE,587.1163
23.88213,38,0.036023296,CRETACEOUS,441.96997
23.98213,38.2,0.06053179,JURASSIC-TRIASSIC,527.11993
24.18213,38.4,0.12394278,JURASSIC-TRIASSIC,650.3346
24.18213,38.3,0.05194471,JURASSIC-TRIASSIC,527.38416
24.48213,38.9,0.09613022,JURASSIC-TRIASSIC,603.8542
24.58213,38.8,0.111934714,JURASSIC-TRIASSIC,676.1048
24.68213,38.8,0.24203011,JURASSIC-TRIASSIC,820.52966
24.98213,39.5,0.0811391,UNKNOWN,561.57056
25.48213,36.4,0.032281354,CRETACEOUS,424.47498
23.08213,37.5,0.04285129,JURASSIC-TRIASSIC,623.9153
23.18213,37.6,0.42203224,JURASSIC-TRIASSIC,825
23.18213,37.5,0.14261489,PLEISTOCENE,684.56665
23.18213,37.4,0.1200377,JURASSIC-TRIASSIC,495.2448
23.18213,37.3,0.012264225,CRETACEOUS,360.42157
23.28213,37.5,0.17823832,JURASSIC-TRIASSIC,773.7064
23.28213,37.4,0.06187146,CRETACEOUS,559.67957
23.38213,37.6,0.12205954,CENOZOIC,786.4748
23.38213,37.5,0.04173571,PLEISTOCENE,429.8139
23.48213,38.1,0.07143566,JURASSIC-TRIASSIC,549.05164
23.48213,38,0.038697165,UNKNOWN,565.3115
23.48213,37.9,0.04826777,PALEOZOIC,533.13983
23.48213,37.7,0.089030035,CRETACEOUS,672.5786
23.58213,38.2,0.045647494,JURASSIC-TRIASSIC,381.06625
23.58213,38.1,0.06386061,PLEISTOCENE,553.13715
23.68213,38.2,0.10854798,JURASSIC-TRIASSIC,595.7907
23.68213,38.1,0.065674044,JURASSIC-TRIASSIC,630.4408
23.78213,38.3,0.025531722,CRETACEOUS,434.18674
23.78213,38.2,0.104554035,JURASSIC-TRIASSIC,573.6272
23.88213,38.4,0.016603658,CRETACEOUS,361.81686
23.98213,38.6,0.020498749,PALEOZOIC,476.27228
23.98213,38.5,0.048265662,JURASSIC-TRIASSIC,547.3439
23.98213,38.4,0.121153064,JURASSIC-TRIASSIC,687.6902
24.08213,38.6,0.03860982,CRETACEOUS,451.70718
24.08213,38.5,0.05834287,CRETACEOUS,500.2163
24.08213,38.4,0.08620745,CRETACEOUS,544.2006
24.18213,38.5,0.04069936,CRETACEOUS,562.61273
21.58213,38.4,0.030217173,CRETACEOUS,494.31116
21.68213,38.5,0.17135096,PLEISTOCENE,745.0475
21.68213,38.4,0.10070647,CRETACEOUS,627.3207
21.78213,38.5,0.27971783,JURASSIC-TRIASSIC,900
21.78213,38.4,0.061187636,CRETACEOUS,545.70795
21.78213,38.3,0.027224392,UNKNOWN,415.63593
21.78213,38.2,0.12897846,PLEISTOCENE,730.4779
21.88213,38.5,0.120455466,JURASSIC-TRIASSIC,876.7251
21.88213,38.4,0.007048415,PLEISTOCENE,301.662
21.88213,38.3,0.083094925,CRETACEOUS,563.48267
21.88213,38.2,0.15432595,JURASSIC-TRIASSIC,840.5979
21.88213,38.1,0.08087288,CRETACEOUS,532.8308
21.98213,38.5,0.019094944,CRETACEOUS,680.5064
21.98213,38.4,0.20974265,CRETACEOUS,789.78406
21.98213,38.3,0.110731274,CRETACEOUS,677.7295
21.98213,38.2,0.13538043,JURASSIC-TRIASSIC,710.88763
21.98213,38.1,0.103439584,CRETACEOUS,666.9495
22.08213,38.5,0.23592381,CRETACEOUS,849.20026
22.08213,38.4,0.3273965,JURASSIC-TRIASSIC,900
22.08213,38.2,0.16574803,PLEISTOCENE,830.26807
22.08213,38.1,0.2134599,CENOZOIC,859.5415
22.18213,38.5,0.28383824,CRETACEOUS,854.2381
22.18213,38.4,0.3994756,CRETACEOUS,810.17285
22.18213,38.2,0.027683541,UNKNOWN,458.57422
22.18213,38.1,0.19979528,CENOZOIC,758.16925
22.28213,38.5,0.22844592,JURASSIC-TRIASSIC,788.4779
22.28213,38.4,0.1274108,JURASSIC-TRIASSIC,803.51794
22.28213,38.1,0.24995574,CENOZOIC,886.93353
22.38213,38.5,0.20056343,CRETACEOUS,835.2114
22.38213,38.4,0.09888156,JURASSIC-TRIASSIC,638.73865
22.38213,38.1,0.2934989,CENOZOIC,900
22.48213,38.5,0.2865992,JURASSIC-TRIASSIC,900
22.48213,38.4,0.34069574,JURASSIC-TRIASSIC,895.0127
22.48213,38.1,0.23800796,CENOZOIC,831.6446
22.58213,38.5,0.21196078,JURASSIC-TRIASSIC,900
22.58213,38.4,0.1505274,PLEISTOCENE,725.73303
22.58213,38.3,0.12477036,JURASSIC-TRIASSIC,691.06903
22.58213,38,0.13152267,CENOZOIC,744.99176
22.68213,38.5,0.4454322,JURASSIC-TRIASSIC,900
22.68213,38.4,0.059307992,JURASSIC-TRIASSIC,654.99554
22.68213,38,0.0462542,CRETACEOUS,563.8572
22.78213,38.3,0.19965348,JURASSIC-TRIASSIC,829.56885
22.88213,37.9,0.13651687,CENOZOIC,643.93384
22.98213,38,0.20058121,JURASSIC-TRIASSIC,833.4414
22.98213,37.9,0.016946958,CENOZOIC,350.06238
23.08213,38.2,0.10966856,JURASSIC-TRIASSIC,767.7396
23.08213,38,0.08537098,JURASSIC-TRIASSIC,587.61914
23.18213,38.2,0.29695448,JURASSIC-TRIASSIC,888.20624
23.18213,38,0.33285525,JURASSIC-TRIASSIC,854.45276
23.28213,38.2,0.19048311,JURASSIC-TRIASSIC,860.70654
23.28213,38.1,0.20332219,JURASSIC-TRIASSIC,889.91223
23.88213,37.9,0.016226746,PLEISTOCENE,338.35114
23.88213,37.8,0.020688033,PLEISTOCENE,419.15018
23.98213,38,0.028349075,CRETACEOUS,414.3189
23.98213,37.9,0.006778784,CRETACEOUS,363.5989
23.98213,37.8,0.06562582,JURASSIC-TRIASSIC,549.33514
23.98213,37.7,0.07150602,JURASSIC-TRIASSIC,515.81744
24.28213,38.1,0.09371635,JURASSIC-TRIASSIC,631.08325
24.28213,38,0.11869446,JURASSIC-TRIASSIC,683.7431
24.28213,37.6,0.08293189,PRECAMBRIAN,601.3858
24.38213,38.1,0.05378715,PLEISTOCENE,632.9265
24.38213,38,0.10408269,JURASSIC-TRIASSIC,623.21765
24.38213,36.7,0.052050598,CENOZOIC,539.4608
24.48213,38.1,0.16680852,JURASSIC-TRIASSIC,836.7207
24.48213,38,0.22520821,JURASSIC-TRIASSIC,900
24.48213,37.4,0.058462128,PRECAMBRIAN,533.667
24.48213,37.2,0.05528539,UNKNOWN,570.92975
24.48213,36.7,0.03201331,PLEISTOCENE,361.23187
24.58213,36.8,0.049773097,CENOZOIC,505.84406
24.68213,37.6,0.05589128,PRECAMBRIAN,533.0354
24.68213,37,0.104810104,PRECAMBRIAN,663.8945
24.78213,37.9,0.13692677,PRECAMBRIAN,642.977
24.88213,37.9,0.06948881,UNKNOWN,549.57367
24.88213,37.8,0.06661431,PRECAMBRIAN,611.3015
24.88213,37.4,0.08289261,PRECAMBRIAN,485.2414
25.08213,37.6,0.29327986,PRECAMBRIAN,889.26556
25.18213,37.6,0.16365333,PRECAMBRIAN,721.5646
25.18213,37.1,0.028455686,PRECAMBRIAN,426.87167
25.18213,37,0.12144459,PRECAMBRIAN,659.44556
25.38213,37.1,0.025085406,JURASSIC-TRIASSIC,377.8929
25.38213,36.7,0.19018179,PRECAMBRIAN,794.9445
25.48213,37.1,0.07053625,PRECAMBRIAN,522.20807
25.48213,37,0.22030401,PRECAMBRIAN,757.46686
25.58213,37.1,0.2327928,PRECAMBRIAN,887.6172
25.78213,36.8,0.057940155,UNKNOWN,563.88873
25.88213,36.8,0.23656745,JURASSIC-TRIASSIC,822.6517
25.98213,36.9,0.08042723,UNKNOWN,621.9741
26.48213,37,0.025467463,JURASSIC-TRIASSIC,377.05896
26.08213,37.6,0.1143008,PALEOZOIC,667.21045
26.18213,37.6,0.14211746,PALEOZOIC,784.66846
